"region","lon","lat"
"01001",-102.294819446325,21.8108961348322
"01002",-102.045231193391,22.1275407285874
"01003",-102.705009549799,21.9009708410172
"01004",-102.297272452267,22.3593702120557
"01005",-102.448340647587,21.9316425000252
"01006",-102.301670281017,22.1042278876166
"01007",-102.340315038647,22.2691200670188
"01008",-102.525438716366,22.1476359907478
"01009",-102.193019281133,22.2373626026568
"01010",-102.034566148649,21.9226841903696
"01011",-102.230305634668,22.0320971102152
"02001",-116.253103416575,31.265523657434
"02002",-115.807090194912,31.5273106400719
"02003",-115.775383695462,32.0536332434223
"02004",-116.418095289833,32.6664537499814
"02005",-117.138057482289,32.7080497774203
"02006",-114.284205871774,28.9594484013987
"03001",-111.819054000183,25.4898217820655
"03002",-113.229639452483,27.2868040258276
"03003",-110.669571409154,24.1772089887919
"03008",-109.752503647756,23.2766090534731
"03009",-111.465707065398,25.9558259650171
"04001",-90.2164142196826,20.3821233102913
"04002",-90.2653300489204,19.6166860176172
"04003",-91.482828960064,18.5229372150818
"04004",-90.4936820623441,19.1154907098913
"04005",-90.134128372412,20.1231325462844
"04006",-89.6091456893457,19.4733623300131
"04007",-91.9749604566276,18.2747510797139
"04008",-90.2339397232086,19.9703243572995
"04009",-90.4739845591174,18.5507932683391
"04010",-89.6618674126861,18.4019026350795
"04011",-90.716204244952,18.0990659166124
"04012",-90.6391720559728,19.6032850751534
"05001",-101.246055135531,27.1219430160038
"05002",-102.010382913209,29.4331651531731
"05003",-100.915616935,28.2777948850976
"05004",-100.64319698319,25.3420160980035
"05005",-100.799534475182,26.8524554251802
"05006",-101.386659814468,26.5861326333481
"05007",-102.298351464789,26.6988302150495
"05008",-101.2795349112,27.305481905023
"05009",-103.181040588267,26.3195956911805
"05010",-101.528343898181,26.9476268385294
"05011",-101.551279827802,25.521281845912
"05012",-100.393716832149,28.0970619053144
"05013",-100.050494593045,27.8393463238075
"05014",-100.950883938141,29.0030520899293
"05015",-100.693249637253,27.6567859257896
"05016",-101.914715622646,27.1517643755051
"05017",-103.214935911983,25.5616082523049
"05018",-101.195062184111,26.8967305738528
"05019",-101.083981951569,28.3276686622074
"05020",-101.899604933457,28.4031749863364
"05021",-101.764569617709,27.2267862031297
"05022",-100.620053860204,28.4965343558228
"05023",-102.892614423659,27.9641121658281
"05024",-102.114456737177,25.5035834298036
"05025",-100.614250102609,28.7800904415664
"05026",-101.021549651534,27.4217043659249
"05027",-101.280898320099,25.9132369669941
"05028",-101.142727385477,27.9227495519261
"05029",-101.756274287059,26.9402027715764
"05030",-101.125094260243,25.0288896757237
"05031",-101.967416030914,27.8395484443463
"05032",-101.390305812631,28.0640472781159
"05033",-102.718373274067,26.084180327163
"05034",-103.609355173851,27.480316747961
"05035",-103.20987224411,25.052409232296
"05036",-102.924604024679,25.2215179091589
"05037",-100.780003898307,28.0975054762902
"05038",-101.394205421573,28.8118085859724
"06001",-103.998266548418,19.0091158486164
"06002",-103.631206637589,19.1143608253411
"06003",-103.769824497014,19.3913111897988
"06004",-103.919284548091,19.1870700940801
"06005",-103.595956310851,19.3264477987445
"06006",-103.681439254838,18.9684010950864
"06007",-104.273048612648,19.1482368852466
"06008",-104.030986278037,19.3709852630609
"06009",-103.810773193051,18.8854630957867
"06010",-103.844266542839,19.3078268257224
"07001",-92.6825211843097,15.4133961986719
"07002",-92.814906864714,16.553443011358
"07003",-92.7746420889411,15.2306756215293
"07004",-91.8613522959103,16.6614344804172
"07005",-92.8574543908129,17.3850909897867
"07006",-92.0972277482349,15.5580987762094
"07007",-92.393658212845,16.5179514274138
"07008",-92.6814964158976,15.7582034794075
"07009",-93.9372827222666,16.249037641762
"07010",-92.1603430895746,15.4911158529383
"07011",-92.2432267508457,15.6205309673352
"07012",-93.3162270158801,16.8647602405892
"07013",-92.9576002598257,17.0137664926909
"07014",-92.741821472659,17.0301727568867
"07015",-92.1643681597608,15.0878435092396
"07016",-91.996201691097,17.7803709044519
"07017",-93.8681010595657,16.7119810517553
"07018",-93.1285419670931,17.1204028473168
"07019",-92.1789630489926,16.2978121457642
"07020",-92.7712134207575,15.9608856428854
"07021",-93.253345983993,17.093182888386
"07022",-92.612031608369,17.0208821721243
"07023",-92.6800219621334,16.8194203821913
"07024",-92.2164017852196,16.612015907652
"07025",-93.1293524989418,17.3255981600317
"07026",-92.5688195730823,16.9500066410469
"07027",-92.9770417846001,16.6112084392471
"07028",-92.726388270852,16.5537334912817
"07029",-93.1126604694854,16.9949957053081
"07030",-92.392269930844,15.7981115904211
"07031",-92.0351307916974,17.1094636833251
"07032",-92.5577382672571,15.3646315735102
"07033",-93.2744357004116,17.2922750046197
"07034",-92.0873369288531,15.7627647182208
"07035",-92.2143580005187,14.7509459517046
"07036",-92.2185801452139,15.5133042790484
"07037",-92.4253296062437,15.0091763829623
"07038",-92.3990508064034,16.69273243673
"07039",-92.696654067663,17.2429053597045
"07040",-92.5479947685217,15.0959957675895
"07041",-91.797586924149,16.2054217142042
"07042",-92.9770815532144,17.2979056952775
"07043",-93.0997338543469,17.424084349482
"07044",-92.896610125841,16.8201509272714
"07045",-92.9779347683817,17.4685480338454
"07046",-93.6711407269145,16.5241569908946
"07047",-92.8753275107147,17.0912814342451
"07048",-93.1942995091879,17.6988930862028
"07049",-92.7756832733929,16.9235653709815
"07050",-91.7513961425295,17.6074839684107
"07051",-92.8907065058071,15.4623040471714
"07052",-91.7394539361273,16.3858387675397
"07053",-92.1853075146719,15.372611222762
"07054",-92.4969069991821,14.8796030686424
"07055",-92.1977083272004,14.8229770013145
"07056",-92.566607787835,16.8740765592677
"07057",-92.3311843423826,15.3136756135599
"07058",-92.6081234214979,16.4398799528917
"07059",-91.3362098110938,16.7017645731516
"07060",-93.172137727136,17.2196309762527
"07061",-93.4900746849664,16.8264891145201
"07062",-93.39957586037,17.4319943144831
"07063",-93.0868275798889,16.8965663550139
"07064",-92.2741612816241,16.7811194043954
"07065",-91.8122616790649,17.4441613371532
"07066",-92.4629558348909,17.0596287373306
"07067",-93.0563808370217,17.1868185678653
"07068",-93.1987501146591,17.52861507406
"07069",-93.1935536087822,15.6695312538707
"07070",-92.2637792455121,15.4332057684185
"07071",-92.6198949254653,15.1652993149068
"07072",-92.8622370609007,17.2176901160149
"07073",-92.997707140888,17.1903851724897
"07074",-93.2302988245524,17.8650233988505
"07075",-92.3645061605688,16.3650210432377
"07076",-92.6113581206282,17.31976789561
"07077",-92.1875572759857,17.4381011083379
"07078",-92.6007768359719,16.6844613071302
"07079",-93.2097116508865,16.9119127167233
"07080",-92.3583960122779,15.5337139790559
"07081",-92.6273359175391,17.1387447009713
"07082",-92.3471677073928,17.0366948063334
"07083",-92.3766824240894,16.1080959125551
"07084",-93.0048354624313,17.3842647925905
"07085",-92.9871922168347,16.9252464825602
"07086",-93.1378771101241,16.5823081169609
"07087",-92.2272722513504,14.6391440933583
"07088",-93.2517846241311,17.4900820473173
"07089",-92.3049101237495,14.9330147316936
"07090",-93.1108157032802,17.219774609498
"07091",-93.0055675963579,17.2550069453927
"07092",-93.3964099849166,17.1728153682627
"07093",-92.4718163525833,16.8326755261231
"07094",-92.511084615682,16.5607018739187
"07096",-92.4858474218956,17.3789456146698
"07097",-93.6913265106152,15.9973031624363
"07098",-92.6588384361352,16.5160851826638
"07099",-91.898867754592,16.0247346998351
"07100",-92.2691742953607,17.2996487338493
"07101",-93.1363214604148,16.7376943024148
"07102",-92.1983320924991,14.8957286476463
"07103",-92.4123946939202,15.141532774865
"07104",-92.2452255896819,16.1210536783435
"07105",-92.1028587525939,15.0592692331564
"07106",-92.6079223151267,16.3184205326826
"07107",-93.2300323258757,16.0770689319969
"07108",-93.3759415921906,16.3457310607997
"07109",-92.3270112161754,17.1853254368312
"07110",-92.7229509143235,16.6209125046049
"07111",-92.782941903356,16.7216209395025
"07112",-92.3928197849037,16.9298872399605
"07113",-92.6896086393162,16.9226343709318
"07114",-90.5649614975847,16.2820353906915
"07115",-91.2487725908483,16.1978526240249
"07116",-90.7440305026895,16.247191999412
"07117",-92.663752033179,15.6724869849812
"07118",-92.8065560585451,17.1500391508541
"07119",-92.7210950321016,16.9442781636285
"07120",-92.613656050921,15.5492806279164
"07121",-92.933106900401,17.2163419868494
"07122",-92.9849094402422,16.3371835058552
"07123",-92.881281863392,16.4960496537656
"07124",-93.6341138507277,17.2139930139278
"07125",-92.4665168427512,15.5667178196292
"08001",-106.380312692958,30.4489251214762
"08002",-105.587950925893,29.0733524382965
"08003",-105.305182237211,27.09535675484
"08004",-105.82370241847,28.5806653311086
"08005",-107.519918974566,31.3320199689989
"08006",-107.291277566217,28.8570637624467
"08007",-106.543142886384,26.7532846898376
"08008",-107.693114360283,26.9457362010993
"08009",-107.58182456972,27.8073193336791
"08010",-107.120983746688,30.0575423062007
"08011",-104.424842041705,28.0328303509988
"08012",-107.063629685446,27.8093616456732
"08013",-108.202156436608,30.1941555639972
"08014",-105.07034077125,26.6341730820085
"08015",-105.206718635429,29.7567610570204
"08016",-105.046222979264,27.897563919213
"08017",-106.948532379787,28.7225248285707
"08018",-106.898480986334,28.2117061332746
"08019",-106.232068978106,29.0001707246611
"08020",-108.517122978133,27.4564961805304
"08021",-105.49188802732,28.1191539465032
"08022",-106.460963277354,28.0007903137421
"08023",-107.644424333439,30.1602114374901
"08024",-106.348542468093,28.3207466476219
"08025",-107.73621436435,29.3376637257778
"08026",-106.567843745282,28.298833659845
"08027",-107.247220747273,27.1499575701501
"08028",-105.639038873924,30.8274561629702
"08029",-107.032958408743,26.1671619837154
"08030",-108.273593915288,27.3897563511525
"08031",-107.558187998296,28.3842926245853
"08032",-105.697890699243,27.1298458934118
"08033",-106.068059164012,27.0684901053076
"08034",-107.723624771528,29.722305893055
"08035",-108.450716348475,30.8491189839502
"08036",-104.390545787792,27.0816493627232
"08037",-106.564028146432,31.4495554588946
"08038",-105.054620503222,28.5412768630646
"08039",-105.010697532374,26.9267622413441
"08040",-108.329694677344,29.3263193544404
"08041",-107.973611340179,27.8373354206619
"08042",-103.823989994033,28.9286877010902
"08043",-107.722095447929,28.82357485211
"08044",-105.52230423822,26.7258001438026
"08045",-105.500494039501,28.3502471487476
"08046",-107.727213808351,26.5719646688592
"08047",-108.73695080414,28.152414761858
"08048",-107.141304634251,29.2947421527429
"08049",-106.68441394555,27.4246237096354
"08050",-107.728980732723,30.5328395424923
"08051",-108.20632847792,28.1535932380094
"08052",-104.524101460676,29.3631959728605
"08053",-105.925178463514,31.2378438320419
"08054",-106.616938141806,28.8062616576807
"08055",-105.748244662404,28.2035886013444
"08056",-106.312098811656,27.2704844228123
"08057",-106.734986854544,27.8920789037791
"08058",-105.361808782427,27.5824796609502
"08059",-105.945442314902,26.8847811245628
"08060",-105.782969409259,26.8063535456172
"08061",-106.193931078368,27.7788509794502
"08062",-105.343677956652,28.0008438567073
"08063",-108.084906657585,28.7149571817564
"08064",-106.296711403891,27.0448029934931
"08065",-107.976288121377,27.2257130400513
"08066",-108.505921241261,27.8621817010121
"08067",-105.807386552253,27.4876049851256
"09002",-99.1814105834557,19.4848347121903
"09003",-99.1507178998791,19.3278571487557
"09004",-99.3112335913672,19.3242104689243
"09005",-99.1163831483572,19.5046343944269
"09006",-99.0947200161025,19.3976938663041
"09007",-99.0566059633193,19.3492492914062
"09008",-99.2668527513667,19.2706200449481
"09009",-99.0504668575763,19.1390152388572
"09010",-99.2481857310207,19.3352963033023
"09011",-99.0029121015173,19.2772517014993
"09012",-99.2054543342104,19.1989105461754
"09013",-99.0897027812372,19.2455822844212
"09014",-99.1612055712733,19.3803130825982
"09015",-99.148486186956,19.4300259564085
"09016",-99.2044919500693,19.4277283687201
"09017",-99.0920542703768,19.4323060745575
"10001",-104.934092241748,24.5119866357198
"10002",-106.452907921581,25.0718499543086
"10003",-104.783613176388,25.0330434195511
"10004",-103.70077098253,24.6942328179252
"10005",-104.843384718553,23.9710303051393
"10006",-103.212858217939,24.762314125201
"10007",-103.490419870309,25.727579094858
"10008",-104.071577818965,24.4104532243233
"10009",-106.067517781739,25.9969716189888
"10010",-104.816301229422,26.089945567442
"10011",-104.995158064494,25.7269940659174
"10012",-103.685754498597,25.4773859510003
"10013",-104.130443540939,26.1454290798919
"10014",-104.550375796221,23.0009034102075
"10015",-104.078137728748,25.2456354836071
"10016",-104.21059048618,23.812794117995
"10017",-105.675986209769,26.4822094887746
"10018",-105.215679023356,25.549140635986
"10019",-105.937248110886,24.7012522126297
"10020",-104.352579773237,24.4960849020144
"10021",-104.082109294681,24.7854244972038
"10022",-104.020981551613,24.0014376117991
"10023",-105.314929873806,23.4127510493397
"10024",-104.561514970531,25.1939717498009
"10025",-105.672150938338,26.1845200529605
"10026",-105.742691773521,24.2311986355386
"10027",-102.718516844755,24.6474851348684
"10028",-104.470739214741,24.8064629504201
"10029",-104.307052181013,25.3763461785145
"10030",-104.398244444188,25.6221314249324
"10031",-103.414161760265,24.4966817706535
"10032",-105.690838155535,24.9848852485389
"10033",-104.148284831856,23.4372847076835
"10034",-106.711140820234,24.9461827136886
"10035",-106.061514260018,25.4499847777995
"10036",-103.625060408806,26.344578006919
"10037",-106.590265784079,25.256660252284
"10038",-103.948708586512,23.7357036818579
"10039",-105.039239576977,24.846655622753
"11001",-101.536335155339,20.5354562238194
"11002",-100.752879371176,20.0529405724785
"11003",-100.737285808016,20.9255728835136
"11004",-100.572644701013,20.4209204972648
"11005",-100.621016439287,20.5760650385538
"11006",-99.8057111867443,21.2646780187875
"11007",-100.786325001989,20.5356210225125
"11008",-101.87923691212,20.7133590986681
"11009",-100.792333588048,20.7414453826795
"11010",-100.382380674606,20.2213302855101
"11011",-100.939199419238,20.4287200718209
"11012",-101.666136235779,20.6153956026123
"11013",-100.359873982174,21.1412136713823
"11014",-100.934165923283,21.1475337413349
"11015",-101.237312023193,21.0186879708165
"11016",-101.499726281359,20.3666025977874
"11017",-101.369229338109,20.6994658607568
"11018",-101.05301069678,20.3589033582349
"11019",-100.508464835382,20.1965706398525
"11020",-101.622561144722,21.1250637995149
"11021",-101.24424401893,20.0834727551734
"11022",-101.473007518498,21.5795990776195
"11023",-101.815715354523,20.4028077292252
"11024",-101.360772295241,20.5514512398839
"11025",-101.930504594234,20.9251295353897
"11026",-101.59513082519,20.8260670350211
"11027",-101.164698696512,20.6269479238711
"11028",-100.916616433389,20.2070359223507
"11029",-100.847274767609,21.4433170459972
"11030",-101.234232487689,21.5025422090495
"11031",-101.788345430735,20.9204146066426
"11032",-100.3891392949,21.0025430781903
"11033",-100.477172238637,21.3990305260646
"11034",-100.070839018149,21.1510041938858
"11035",-100.99139978821,20.6739262762759
"11036",-100.992894317011,20.1579790658179
"11037",-101.438290149722,20.9623712324485
"11038",-100.527336849736,20.0057805397143
"11039",-100.742775927484,20.2964097440159
"11040",-100.156709748524,21.0326301994227
"11041",-101.151545499327,20.1193100651529
"11042",-101.27114387545,20.3786583578121
"11043",-100.21534283134,21.3649850121841
"11044",-100.992004695714,20.5422059982569
"11045",-99.978900353658,21.3569942999215
"11046",-101.225975517579,20.1826980026668
"12001",-99.7138731992269,16.9582896435723
"12002",-98.9498650903018,17.7535654519741
"12003",-100.60836945505,17.91901860936
"12004",-98.3669116125951,17.3754134739387
"12005",-98.5088581742538,17.6417947261292
"12006",-99.9810071007208,18.0943806787426
"12007",-100.198427476374,18.2527955648259
"12008",-99.0695297650553,18.1435418893436
"12009",-98.5822012664657,17.2705745212986
"12010",-98.9030417289531,17.5143838038481
"12011",-100.341955680064,17.3328333434294
"12012",-99.0680496746044,16.9573808389414
"12013",-98.5721169745672,16.6854753481759
"12014",-100.427401414158,17.0976159343298
"12015",-99.4224421532537,18.4622955858338
"12016",-101.649693294118,18.2824750957441
"12017",-99.711405307025,18.132883802517
"12018",-98.929525276212,16.6071142394005
"12019",-99.0523699351088,17.9819469939602
"12020",-98.7004402665476,17.4322995069258
"12021",-100.059354655021,17.1423132226335
"12022",-100.929612538747,18.0817488871676
"12023",-98.517110223882,16.4626487771187
"12024",-98.6719048122893,17.7393727192424
"12025",-98.965343549132,16.7186884542053
"12026",-99.8146860815964,18.1233656170089
"12027",-100.618506476645,18.6600694446672
"12028",-99.1107935105681,17.5235915142067
"12029",-99.6973183166632,17.390884821807
"12030",-99.1342396873878,16.6936146217637
"12031",-100.103995445952,18.4416407307196
"12032",-100.027207014334,17.7331685118894
"12033",-98.5466308091137,17.8110573150487
"12034",-99.2523918933472,18.2311406903814
"12035",-99.581203851875,18.2279107440967
"12036",-98.4933740637795,16.8007031423478
"12037",-99.7650829134688,18.4625994533779
"12038",-101.434466280904,17.8182564199286
"12039",-99.4712524945856,17.1403444521601
"12040",-99.7966452445276,17.6325817887249
"12041",-98.7035276824079,17.1482246618504
"12042",-99.358717605438,17.8334332988365
"12043",-98.4434723279247,17.1367047500123
"12044",-99.3709594591306,17.3377510378778
"12045",-98.7826252827592,17.8980458671755
"12046",-98.3521655434918,16.6615055000371
"12047",-99.8704071223586,18.5437499853794
"12048",-101.159869365581,17.6195850770615
"12049",-99.605885741523,18.7036202833327
"12050",-100.613488422122,18.3461360474067
"12051",-99.1847300460028,17.3127357122606
"12052",-98.7504035176204,16.8761982825187
"12053",-99.4084271315849,16.8079882393042
"12054",-100.317938717313,17.8396160404927
"12055",-99.5978874999875,18.5190531473066
"12056",-99.295195658056,16.9804419330476
"12057",-100.744639888292,17.4061182936806
"12058",-99.9125847144579,18.3599123112216
"12059",-99.4684405413415,18.1015231761146
"12060",-99.674244694084,18.6492683427614
"12061",-99.3676246089364,17.6000338367248
"12062",-98.2754403164329,16.9409362187952
"12063",-98.7866372157832,17.2291206018143
"12064",-100.434179435181,18.427083728682
"12065",-98.4075728242527,17.5691633835297
"12066",-98.6173832886162,17.5642992584239
"12067",-100.456467461608,18.2809194437239
"12068",-101.853741664503,18.0162317200208
"12069",-98.5388925562307,17.4296519479064
"12070",-98.5105772518537,17.9045593950983
"12071",-98.1570573334862,16.8691898659291
"12072",-98.8292141061241,17.3246752575341
"12073",-101.219258293887,18.3443685997197
"12074",-99.1846850898994,17.7493265856524
"12075",-99.6107304079318,17.8019437261912
"12076",-98.9754852134869,17.1736596493299
"12077",-98.7457814743327,16.6382874877004
"12078",-98.4212582859154,17.0982324070239
"12079",-98.9958225899503,17.4435143712726
"12080",-98.6771108363894,16.5937513424025
"12081",-98.6352352056312,17.0467861424521
"13001",-98.4401728670645,20.2085356262041
"13002",-98.1981312057051,20.1606700747596
"13003",-98.8900389534418,20.3150073560615
"13004",-98.3683591585039,20.3621418000016
"13005",-99.0800948472957,20.1212200511392
"13006",-99.4050515075456,20.4079499594118
"13007",-98.3261460424407,19.7419476542713
"13008",-98.4449540108106,19.7238328694275
"13009",-98.8827235716906,20.2164007758492
"13010",-99.2232257037303,20.0551167338196
"13011",-98.3638841908394,21.0292213787331
"13012",-98.6765538205242,20.3562320611997
"13013",-99.2302761635154,19.9743715329869
"13014",-98.5486009624184,20.9070980244364
"13015",-99.0597392501517,20.6008619559221
"13016",-98.2819143146955,19.9859726358841
"13017",-99.4733633450447,20.2646714717239
"13018",-98.9496548940478,21.1299241154088
"13019",-99.2540818823477,20.3261104949377
"13020",-98.8799292349376,20.7421327880971
"13021",-98.6012300009104,19.6598470103111
"13022",-98.646640987646,20.0301746828733
"13023",-99.0801087633261,20.2358480370035
"13024",-98.5435827103243,20.225844188306
"13025",-98.2476659191086,21.0379543931192
"13026",-98.4899527170462,20.9967495923667
"13027",-98.0648787438325,20.510214508756
"13028",-98.4545321813087,21.1285952581714
"13029",-99.6812232815094,20.3832423766422
"13030",-99.2017866853973,20.5328446940723
"13031",-99.1480307704908,20.9713506534753
"13032",-98.527946654763,21.1522519382987
"13033",-98.8368931125449,20.8330773724796
"13034",-98.7244149221703,20.9686206019095
"13035",-98.3411970546997,20.2564924270201
"13036",-98.6040972623617,20.5235423488097
"13037",-98.809836155025,20.5660250715028
"13038",-98.7518400075094,20.223568244377
"13039",-98.658782473281,20.1390150022682
"13040",-99.0682749986234,21.0692212056148
"13041",-99.1827496593868,20.2242225519924
"13042",-98.7760419432302,20.8647452228973
"13043",-99.1735573771765,20.7873484173643
"13044",-99.6753247591774,20.232630930306
"13045",-98.6217125789831,20.1705351627272
"13046",-98.5814208007151,21.263025949644
"13047",-99.3145540492757,20.9986372766616
"13048",-98.7835535244991,20.1015235007038
"13049",-98.9895185696144,21.2354164929614
"13050",-99.1789220265781,20.3117820766807
"13051",-98.7211125114333,20.0603566982565
"13052",-98.9423654788741,20.0956747211339
"13053",-98.189405933654,20.4703754237666
"13054",-99.0485341502968,20.3058631484574
"13055",-98.9840366214186,20.4124091352148
"13056",-98.3915335550465,20.0352059216854
"13057",-98.4960610285012,19.9880999686612
"13058",-99.3778705707543,20.542054568269
"13059",-99.6317672284701,20.5394977382491
"13060",-98.2098557802275,20.343242076172
"13061",-98.496175589466,19.813542119195
"13062",-98.8345582717068,21.0602351851886
"13063",-99.3638979602032,19.9016993857242
"13064",-99.4001499487205,20.1947588857522
"13065",-99.1501717196115,20.1154680759674
"13066",-98.8019909301191,19.9122174908293
"13067",-99.2948626023929,20.180051343744
"13068",-98.5442905301046,20.779296076221
"13069",-98.9610670360746,19.852393332475
"13070",-99.2189768270806,20.132131251238
"13071",-98.9706823876961,20.8667060465796
"13072",-98.5881833086207,19.8355746903024
"13073",-98.6471781682386,21.0308322448969
"13074",-99.2269540233147,20.0974022659219
"13075",-98.9236385398712,19.9558532199715
"13076",-99.3767782552028,20.0632535340497
"13077",-98.3518843478074,20.1219934393983
"13078",-98.2881812859319,20.8590490390496
"13079",-98.6413337350477,20.795206033188
"13080",-98.3837837800104,20.9170529668199
"13081",-98.5870965073307,20.6509494640345
"13082",-98.8541843912215,19.9914245080981
"13083",-98.6726985153368,19.9238550141346
"13084",-99.3661311462558,20.750932821008
"14001",-102.907976873792,20.7695631585327
"14002",-103.608413186965,20.4260290520592
"14003",-103.93611939759,20.7127429646769
"14004",-103.622578359152,20.0001537855861
"14005",-103.717293269935,20.8494631359607
"14006",-104.081893037177,20.5410817924166
"14007",-104.006167889642,20.8108689486524
"14008",-102.300563163546,20.7666060678131
"14009",-103.681985892116,20.7568428822129
"14010",-103.732109016837,20.1717946916582
"14011",-104.273179825075,20.3183845245244
"14012",-104.549909096158,20.3360170686741
"14013",-102.540256144441,20.5466182933997
"14014",-103.470817472084,19.997205957015
"14015",-104.313461145364,19.7439697703547
"14016",-102.342812923121,20.489169397742
"14017",-104.434422036997,20.0495189933172
"14018",-102.524515887838,20.3637362334415
"14019",-103.921120200186,21.8737929278258
"14020",-105.405994145483,20.3422710539943
"14021",-104.471526760979,19.6029423748951
"14022",-104.613759374423,19.2778566178235
"14023",-103.508770042158,19.7118967495685
"14024",-103.825040346446,20.3878831689002
"14025",-103.28662582024,22.092825762918
"14026",-103.234775819448,19.9834593663677
"14027",-104.309541658351,19.4360260794863
"14028",-104.509805189672,20.1928918408564
"14029",-103.028108023415,20.9509891627369
"14030",-103.186197207206,20.2600470982296
"14031",-103.659077134926,21.7297654346302
"14032",-103.882045009514,20.0814803102141
"14033",-102.170180507342,20.4471233871018
"14034",-104.081966834654,19.9144523097285
"14035",-102.189863484216,21.5550738011687
"14036",-104.123459154794,20.7437307305132
"14037",-104.196457406436,19.8042460769722
"14038",-104.421386941756,20.6778418814843
"14039",-103.335965877568,20.676223986706
"14040",-104.075101898265,21.0573703190259
"14041",-103.233684222671,22.3187968264055
"14042",-103.915079229751,22.5838206733962
"14043",-104.86238524745,19.5140051069342
"14044",-103.205446642306,20.3904741543058
"14045",-103.227359585286,20.8992003812657
"14046",-102.489370964405,21.1910295690563
"14047",-102.68727885575,20.278876132726
"14048",-102.119209089195,20.6348896413512
"14049",-102.880004393213,19.3293464085699
"14050",-103.416050123878,20.3134012414797
"14051",-103.134096010047,20.482653650274
"14052",-104.036510451954,20.0541801999987
"14053",-101.878951589555,21.4934692731665
"14054",-104.096245943447,19.8415250795343
"14055",-104.030943443963,20.9078059389058
"14056",-102.839303188803,19.5292463321176
"14057",-103.107293436818,20.0208561109328
"14058",-104.813823250187,20.5789100764178
"14059",-103.072170652811,19.8945222165317
"14060",-102.755461956903,21.264921837286
"14061",-103.996322859878,22.2220690067103
"14062",-104.451402149821,20.5075029306192
"14063",-102.724783289289,20.3965383726053
"14064",-101.71572961733,21.8104883228425
"14065",-103.381734519207,19.1459654274299
"14066",-102.893390541927,20.2700748714439
"14067",-105.148976911107,20.6990937980404
"14068",-104.72420825747,19.8072759561237
"14069",-102.867466972033,19.8057077911763
"14070",-103.244439931091,20.5383923315085
"14071",-103.50146717495,21.0484224735217
"14072",-102.024235508912,20.9705386002314
"14073",-102.293044671543,21.269435375247
"14074",-102.162898910377,21.0003361260676
"14075",-104.23052621701,20.8250054416878
"14076",-103.78469815583,21.5942740327852
"14077",-103.904553433769,20.451137347743
"14078",-102.380801136339,20.9923470541966
"14079",-103.416225006895,19.8578551444665
"14080",-104.825877042604,20.8530590813815
"14081",-103.178447183197,22.1937999332482
"14082",-103.59523048344,19.8605930236277
"14083",-103.681537007281,20.6073973499636
"14084",-104.953541912995,20.2985522414745
"14085",-103.178738661731,19.6870897220977
"14086",-103.764994675941,19.947807858892
"14087",-103.192383934389,19.2260681984946
"14088",-104.023399626321,20.2582064604189
"14089",-103.574444058341,20.094278307124
"14090",-104.16450220408,20.1471318689182
"14091",-102.554187232566,21.4814098503074
"14092",-103.345950774611,20.1085371081955
"14093",-102.721947644296,20.8151293211444
"14094",-103.780394221559,21.1126355940543
"14095",-103.833404374515,20.677476452405
"14096",-103.072608461235,20.1197481480047
"14097",-103.41746673645,20.4787372144825
"14098",-103.345387149693,20.5936846126126
"14099",-103.929375894517,19.5522696270985
"14100",-105.164775574627,19.9790614929625
"14101",-103.215771097183,20.6195848307627
"14102",-103.951125458075,19.847286125391
"14103",-103.535665612763,19.4317898633061
"14104",-103.477932830575,21.9590284082487
"14105",-102.749914066334,20.547899644207
"14106",-104.03227732671,19.6815008638613
"14107",-103.241875206297,20.1481323679424
"14108",-103.458287825153,19.4785444533321
"14109",-101.9953365671,21.154063372353
"14110",-104.254760369058,19.992821215763
"14111",-102.65259916359,21.0465887531876
"14112",-102.973422451487,19.8365641642329
"14113",-103.738709110078,19.7092089095661
"14114",-103.709241095542,20.388698576624
"14115",-103.686153727477,22.0280462941049
"14116",-102.59423031137,21.6680542001427
"14117",-102.700143836652,21.160315738067
"14118",-102.933743219438,21.1371012356361
"14119",-103.567263637153,20.2339586917486
"14120",-103.493753250837,20.7945203466778
"14121",-103.34514667304,19.6186779327204
"14122",-103.756336661134,19.5150682860362
"14123",-102.925883839069,20.4608181859876
"14124",-103.049236715921,20.6363379875026
"14125",-102.506080461306,20.7643882194447
"15001",-99.8705438014093,19.972588144217
"15002",-98.919350929809,19.6337090954996
"15003",-99.8334068363126,20.1153284931116
"15004",-99.8686955043417,18.853663793238
"15005",-99.8281966432852,19.4044922858065
"15006",-99.4927676176473,19.1600600434376
"15007",-99.9893717472935,19.2508287243128
"15008",-100.264841473648,18.7028826091147
"15009",-98.7155576727471,19.125397980998
"15010",-99.1483846194459,19.9849647601434
"15011",-98.9628552116308,19.5450182152705
"15012",-99.5003868383458,19.1753817535251
"15013",-99.275147472393,19.5651610971481
"15014",-99.8450751147608,19.8089488884009
"15015",-98.7167500938919,19.0314707592957
"15016",-98.7221631072603,19.7640315473316
"15017",-98.8155641521741,19.1236332330302
"15018",-99.6375157904296,19.1673809820228
"15019",-99.4583290413225,19.2089380574175
"15020",-99.1031687676718,19.6289957547681
"15021",-99.7989970453404,18.9452662830063
"15022",-98.8583625968745,19.2257433160752
"15023",-99.2237471334622,19.7915690385421
"15024",-99.1609620020742,19.7096379647549
"15025",-98.8308409611102,19.2547073960817
"15026",-99.5513116658308,19.8273425601285
"15027",-99.5466383843432,19.2112707631416
"15028",-98.8859622905798,19.572462299433
"15029",-98.8775243591043,19.4075929888446
"15030",-98.9002228487207,19.5509344494863
"15031",-98.9483774692802,19.4157187839323
"15032",-100.184249434731,19.3202508063863
"15033",-99.0448597163831,19.573281295665
"15034",-98.7377187781395,18.9680693340906
"15035",-99.2551891078102,19.8231648008269
"15036",-99.0289212475448,19.9523726139296
"15037",-99.3403986982652,19.3825976150056
"15038",-99.4415165839264,19.5532622698647
"15039",-98.7779418029535,19.3434160181237
"15040",-99.6885018769792,18.8482523730024
"15041",-100.278281605473,19.2575537715052
"15042",-99.8102167439712,19.5894310911979
"15043",-99.3576008233403,19.1652845617908
"15044",-99.0945203884793,19.7532445540554
"15045",-99.5955609413117,20.0204076715609
"15046",-99.3913827255179,19.5048448524874
"15047",-99.6423464418499,19.5868637199953
"15048",-99.8217824040796,19.7156629601142
"15049",-99.5165906321822,19.0699737233488
"15050",-98.9030518324039,19.0947136861992
"15051",-99.4746942163844,19.3445052305151
"15052",-99.4860310184412,18.8812782294871
"15053",-99.1323024985432,19.709361056458
"15054",-99.5881132159342,19.2466978280174
"15055",-99.5821688721536,19.2117797040928
"15056",-99.6501328003115,19.7609099283235
"15057",-99.2916953744176,19.4706238989744
"15058",-99.0232564034664,19.4227883582384
"15059",-99.0749121318638,19.7298196830162
"15060",-99.390603214769,19.6253527693198
"15061",-98.7152528570762,19.8118017768418
"15062",-99.4060708334174,19.2585213289274
"15063",-99.3966530433101,19.0092735345871
"15064",-100.079757148373,19.7964274320349
"15065",-98.7366732578938,19.6541320750203
"15066",-100.321855574084,19.1069089704754
"15067",-99.5311109882692,19.4508426033817
"15068",-98.8097525315021,19.0216940694259
"15069",-98.8571938065347,19.5574046617823
"15070",-98.9468666449731,19.360796425717
"15071",-99.8316917784719,20.2229124978418
"15072",-99.5673084878987,19.138741984638
"15073",-99.550019154514,19.1684819678174
"15074",-99.9809215263503,19.6520726352039
"15075",-98.8340832648968,19.722298939966
"15076",-99.5406586078807,19.266097541482
"15077",-100.037092067928,18.9803276577779
"15078",-100.297821118399,19.1780801173789
"15079",-99.5141050161023,20.0528743351849
"15080",-99.9880365740549,18.7351754081598
"15081",-98.9858460211503,19.7057367305483
"15082",-100.213991501524,18.8730167522383
"15083",-98.8830604409337,19.189230071091
"15084",-98.8811795792034,19.8192523713389
"15085",-100.036523586798,19.9215157286398
"15086",-99.9974721164813,19.0804329755839
"15087",-99.6063952884546,19.4847586184847
"15088",-99.5717745264336,18.9768120641476
"15089",-98.8683075231381,19.1533188082347
"15090",-99.6329780959807,19.0812958586957
"15091",-99.1698967148138,19.7641161614346
"15092",-98.8704682396108,19.6867434135803
"15093",-98.7663808249127,19.569056633184
"15094",-98.8413891607895,19.0095384369378
"15095",-99.3057727163603,19.7251310768194
"15096",-99.1512450556153,19.9038196262981
"15097",-99.9402369693803,18.9399778124527
"15098",-99.5067601927642,19.1302456500732
"15099",-98.8271238495919,19.4717910654157
"15100",-98.934240618408,19.5966018962062
"15101",-99.433687278907,19.1627840727558
"15102",-99.7172882614453,19.8962558023799
"15103",-98.7309512937822,19.20960418172
"15104",-99.1942317015654,19.5441474987792
"15105",-100.258022412248,18.5443278644943
"15106",-99.6662734558302,19.2954367499744
"15107",-99.6361814963031,18.7786894204797
"15108",-99.119598264401,19.6790733529877
"15109",-99.1566754062057,19.6145818500806
"15110",-100.123924237513,19.1800073809677
"15111",-100.137743960631,19.3877692203182
"15112",-99.4797884410876,19.7209376250474
"15113",-99.6879937325719,18.9741651685006
"15114",-99.9913940558464,19.441314906559
"15115",-99.4679819242104,19.4374532647492
"15116",-100.256606752167,19.0611565233217
"15117",-99.8126970965046,18.716330084378
"15118",-99.7995614185437,19.216330260726
"15119",-99.5540785776122,18.7999489511918
"15120",-99.0715345434283,19.8096380781589
"15121",-99.2255360940106,19.6522074361682
"15122",-98.9481836736161,19.2769536873398
"15123",-100.406086469668,18.9409804772023
"15124",-100.145083139175,19.6168572946112
"15125",-99.0586200110661,19.6813008260066
"16001",-101.339564303861,19.4652353252616
"16002",-102.76073744858,18.778750580263
"16003",-101.021145866348,19.8743637630434
"16004",-101.726584480588,20.1412946865022
"16005",-100.296772153095,19.6282100979919
"16006",-102.424366435765,18.9386081562981
"16007",-100.395515958407,19.6611095224004
"16008",-103.235621095854,18.3744000870976
"16009",-101.708348023831,19.1572789607952
"16010",-102.271547540582,18.3637735291396
"16011",-102.587641781556,20.237196485875
"16012",-102.584452320284,19.206379037096
"16013",-101.035762560184,18.9704817268754
"16014",-103.616709550884,18.741539810906
"16015",-103.085026509476,18.6788932710575
"16016",-101.627429282326,19.7941835421562
"16017",-100.206686489693,19.9568553055967
"16018",-101.221197173129,19.9151441186881
"16019",-102.700368881028,19.7580030801377
"16020",-101.111936311915,19.9806137924128
"16021",-102.227803093128,19.6946889228777
"16022",-101.01313320348,19.6674879955703
"16023",-102.447891191415,20.0443905565273
"16024",-101.989728822688,19.734403696093
"16025",-102.101010379958,19.8126912841665
"16026",-103.409585878066,18.763751798037
"16027",-101.362861090021,19.897570788426
"16028",-102.077539304882,20.1283450153394
"16029",-101.616413695824,18.6894606328197
"16030",-102.242442150133,20.1562515126747
"16031",-100.289276907441,20.1463926926481
"16032",-101.724445250887,19.6201358693502
"16033",-102.00592396518,19.1572134669285
"16034",-100.677912694306,19.6118072751739
"16035",-101.92141634546,18.8411760156043
"16036",-101.277120703117,19.9954920685548
"16037",-101.497321331838,19.8920679700041
"16038",-101.103874972198,18.6546587201665
"16039",-101.457023368205,19.5218477667249
"16040",-100.94349752995,19.7681776823228
"16041",-100.467490510652,19.715544767369
"16042",-102.404310037376,20.1504030015695
"16043",-102.314480093839,19.9346447026354
"16044",-101.703212978106,19.9257977386184
"16045",-102.753334665554,19.9786705679591
"16046",-100.460678821328,19.2923660096945
"16047",-100.518355561456,19.4343825052792
"16048",-101.411161951303,19.5775957766268
"16049",-101.170208287744,19.3433595740072
"16050",-100.429943594364,19.8889834255777
"16051",-102.969181002104,20.0447517113279
"16052",-102.373034876716,18.088461212588
"16053",-101.280266710973,19.6671330647724
"16054",-101.444643017742,19.9902073033029
"16055",-102.123623248295,18.9713064838434
"16056",-101.880353511453,19.6445102056165
"16057",-101.216733850888,19.092266911848
"16058",-102.194954031374,19.4080596883576
"16059",-101.864234221786,19.157839108758
"16060",-101.960578693488,20.2552695895548
"16061",-100.331707553275,19.577286914209
"16062",-102.52480256718,20.1437294476607
"16063",-101.781938817733,20.0021419680673
"16064",-102.212021177519,19.0629395934306
"16065",-102.070540230154,19.6534947464618
"16066",-101.598683253595,19.49410227998
"16067",-101.894723159193,20.1048454719704
"16068",-102.454050129967,19.4960424739648
"16069",-102.07198585364,20.3055878181831
"16070",-101.993400623783,19.9114419509057
"16071",-101.528487558812,20.1145114131452
"16072",-100.847170325015,19.7282492536739
"16073",-101.535824809483,19.6954007297378
"16074",-102.881379904449,20.1121620230388
"16075",-102.394882447185,19.6521999063494
"16076",-102.764821002999,20.0550858362958
"16077",-100.763514538965,18.5671263978733
"16078",-101.040247292416,20.0390618173783
"16079",-101.688502195217,19.3808713226798
"16080",-100.341131319048,19.7460440949085
"16081",-100.407301678342,19.1903620082137
"16082",-101.45266332897,19.2549448740657
"16083",-102.346688732817,19.3320995481965
"16084",-102.454412741023,19.890906042783
"16085",-102.248940726754,19.8725459151132
"16086",-102.34347510395,20.2599359993131
"16087",-101.89499011489,19.3288886057645
"16088",-101.157261891644,19.8161407690129
"16089",-102.858522053528,19.0686718441683
"16090",-101.851001010861,19.5137151222763
"16091",-102.499825630853,19.7863199753612
"16092",-100.795816169319,19.0583150682486
"16093",-100.206326869464,19.7790896565944
"16094",-102.060090436244,20.0068423111806
"16095",-102.593405323422,19.6479599741947
"16096",-102.509903732043,18.5502768067494
"16097",-101.422254607264,18.9317754648976
"16098",-100.487666561952,19.5682373073791
"16099",-100.617974261735,19.2213115418059
"16100",-101.550432760988,19.6099466726067
"16101",-100.912915666417,19.4326211543205
"16102",-102.106874507754,19.4441682663129
"16103",-102.6659624,20.1431542874019
"16104",-102.586936956722,19.9931030898344
"16105",-102.471679015203,20.2662614505866
"16106",-102.219395591818,20.2995171661879
"16107",-101.830071651609,19.8238602340327
"16108",-102.264318229765,20.0328688733644
"16109",-102.011774235844,20.18232905476
"16110",-100.768635723699,19.8710131395661
"16111",-101.908457697211,19.4279743385615
"16112",-100.33862001021,19.43825737844
"16113",-101.568591288273,20.2555039968776
"17001",-99.3861000885243,18.5902821052554
"17002",-98.8962280761088,18.9335978536542
"17003",-98.752307545874,18.5253777271009
"17004",-98.9788436737084,18.7187306711837
"17005",-99.4467000981851,18.731738053294
"17006",-98.9612243300127,18.8270187406956
"17007",-99.2625244557461,18.9404249249748
"17008",-99.1807798972997,18.8138797626942
"17009",-99.2360692663858,19.0585582504136
"17010",-98.7670051666327,18.689350004464
"17011",-99.1668230244407,18.8859296582033
"17012",-99.2206940803073,18.5837519727327
"17013",-98.8051935825503,18.6607873651791
"17014",-99.364183575955,18.6852901643049
"17015",-99.3698984445287,18.8253968251833
"17016",-98.7800650137285,18.8827025687528
"17017",-99.2971975981801,18.554519079393
"17018",-99.2719513619342,18.8427721842898
"17019",-98.895570497222,18.576243821174
"17020",-99.1047820211154,18.9813319493717
"17021",-99.4100875949619,18.6936748386577
"17022",-98.7125573137541,18.9126483576904
"17023",-98.9892176803395,19.0379815127375
"17024",-99.1086206325798,18.7046873202683
"17025",-99.0744235347539,18.4979888918335
"17026",-98.9762497146735,18.9523301215741
"17027",-98.9160991579483,18.9993774718488
"17028",-99.2341865154299,18.7601735088472
"17029",-99.0548952416218,18.8713902273958
"17030",-98.856973450593,18.8552358082174
"17031",-99.2017684579303,18.6546065362437
"17032",-98.7559587126053,18.8077365275097
"17033",-98.7931476275711,18.7611612143144
"17034",-99.3118411150974,18.7370854352327
"17035",-99.247171703619,18.6832575899847
"17036",-98.694594737844,18.872183624841
"18001",-105.258580466328,22.4651477767847
"18002",-104.578279220031,21.0425085122557
"18003",-104.401188234475,20.8485094903531
"18004",-105.056968519418,21.1316056471915
"18005",-105.244216887672,22.7887048486893
"18006",-104.308260148911,21.0329221281455
"18007",-104.397993120534,21.1847277367669
"18008",-104.952436121348,21.393569296019
"18009",-104.657204665387,22.1273583315199
"18010",-105.21532551266,22.1162016510845
"18011",-104.961849203573,21.9915232144728
"18012",-105.20429179558,21.5683570087946
"18013",-104.748684076686,21.1609364730401
"18014",-104.590027524168,21.356891766751
"18015",-105.322873409394,21.8537816823723
"18016",-105.518482667212,22.3376323094315
"18017",-104.840459554428,21.6252917807079
"18018",-105.375706300133,21.9621336827102
"18019",-104.151169663019,21.5423962565346
"18020",-105.270009060661,20.8476253055603
"19001",-100.406058768374,25.9399576331209
"19002",-99.7026247313577,26.2986931662982
"19003",-99.2737073912596,26.0921836971941
"19004",-100.031054389515,25.3013541534552
"19005",-100.025157720379,27.3422780696396
"19006",-100.188638353657,25.7931828402663
"19007",-99.8877674280357,24.2259573616437
"19008",-100.561791089532,26.5719036817442
"19009",-99.914786286795,25.5256162252277
"19010",-100.356669761006,25.9019461654049
"19011",-99.7055324789395,26.0722859870803
"19012",-100.181740516211,25.9760687270523
"19013",-98.9722399947979,25.4801771482116
"19014",-100.306314150189,23.8589040949191
"19015",-99.0312947579677,25.9643365544732
"19016",-99.8043099927721,25.8488247433321
"19017",-100.392213299538,24.7602820372304
"19018",-100.6593861765,25.8091704316769
"19019",-100.374330942381,25.6436295282982
"19020",-98.8475707763675,25.803533346268
"19021",-100.356989793011,25.8227305754151
"19022",-99.4135079961457,25.2763839371034
"19023",-99.4458547849925,26.2123390816031
"19024",-99.7417821143333,23.9019573537883
"19025",-100.133132534591,25.9120472969399
"19026",-100.205429339262,25.673255840335
"19027",-99.4132374011562,25.9165196326268
"19028",-99.9973023895853,26.0344982563997
"19029",-99.6782489736699,24.8837894106637
"19030",-99.8486591393452,24.6378090234755
"19031",-100.122410256636,25.6144593907783
"19032",-100.417307229475,27.0504766945341
"19033",-99.5290597279937,24.8520983845918
"19034",-99.964879165202,25.8735427149133
"19035",-99.4942712956105,26.0486787404456
"19036",-100.161092208233,23.4169389837553
"19037",-100.78646635098,26.285405941472
"19038",-99.8080956481472,25.1261988162397
"19039",-100.311178829,25.6443715549456
"19040",-99.6017807131404,26.5832344938469
"19041",-99.9795157923971,25.7371976620439
"19042",-99.587303884449,25.6529901577909
"19043",-100.127928185247,25.0666640222498
"19044",-100.148415788328,26.5743901253043
"19045",-100.271199920419,26.1606730912827
"19046",-100.270617534068,25.7359387561496
"19047",-100.453167370105,25.9992279895535
"19048",-100.483366310366,25.5745849440607
"19049",-100.238574938676,25.3855941355015
"19050",-99.8834704962828,26.6476457604282
"19051",-100.347935978947,26.4696437172904
"20001",-96.6343219370681,17.4895044028178
"20002",-96.5399912499356,18.4529203483326
"20003",-95.9280931106353,17.0358592163125
"20004",-97.6518435490342,17.9297881624293
"20005",-94.9569499004915,16.6615631239064
"20006",-97.1608947580751,17.4642649824987
"20007",-96.7216254914267,16.7615925931622
"20008",-95.7662160184507,16.2253124407974
"20009",-96.1669261312028,17.7147672128959
"20010",-95.0441674448257,16.7871190774461
"20011",-98.2544544365859,17.5448967800526
"20012",-96.5285499212577,15.8961163045135
"20013",-96.7612225883542,16.8943629122283
"20014",-95.0889312054545,16.6236885073517
"20015",-96.6352362652975,16.513722468166
"20016",-98.2178982563963,17.2162131055584
"20017",-96.8507357408466,16.5794414239436
"20018",-97.4426104430803,17.9919531694522
"20019",-96.8539109080697,17.8672634674873
"20020",-97.9804437473034,17.0475466262038
"20021",-96.6590572124673,18.5822421525977
"20022",-97.801462101716,18.1389962492499
"20023",-96.8019225031702,17.0091199013903
"20024",-96.8565496446948,17.9661848162945
"20025",-94.2056679466595,16.2725062719061
"20026",-97.5618493770444,16.9870046649755
"20027",-96.7482774980869,17.99246863421
"20028",-96.7318094070213,16.5975343978783
"20029",-96.8682622106574,18.1932201899742
"20030",-95.0384085607485,16.4674609674636
"20031",-96.0217318154704,17.0375826778389
"20032",-98.132560777472,17.9327651033161
"20033",-96.8020042120745,17.1765352273225
"20034",-98.1644212419188,17.7543535634577
"20035",-96.4980857518155,17.3121542361373
"20036",-95.3832450383551,16.8428323437332
"20037",-98.0118457706572,16.9228772459426
"20038",-96.1596307201775,17.1798590222538
"20039",-97.7985125808105,17.8417143290927
"20040",-96.7841113666877,18.0723287562286
"20041",-96.7997373531833,18.1442081796772
"20042",-96.3414079503072,17.4924726468829
"20043",-94.9302493315423,16.3817982794009
"20044",-95.8922631432751,18.0127406648863
"20045",-96.8150688806378,17.2474327490888
"20046",-97.2426042010209,17.260407805616
"20047",-97.4804061538767,17.8075893358422
"20048",-96.908651604127,16.8957504323582
"20049",-96.7100557567665,16.70905709705
"20050",-97.5551842293117,17.2403563282841
"20051",-96.5575470450025,16.8907075885879
"20052",-95.6552848266101,16.3474020319232
"20053",-95.2524078255686,16.5111486007864
"20054",-97.2257467032708,17.3906682753472
"20055",-98.1226558918772,17.8281552214551
"20056",-98.2369279513333,16.5416868385932
"20057",-94.970775334595,17.1482755173223
"20058",-96.9115567415318,18.0293760436601
"20059",-96.6454053869285,16.3499471027692
"20060",-96.1042771522979,17.1639629025212
"20061",-96.6303759153845,16.3722138944543
"20062",-96.4286076000817,17.2986664170649
"20063",-96.8297866947556,17.1811014818687
"20064",-95.6751824256912,16.7248483959292
"20065",-98.013757006651,17.5062136799029
"20066",-94.5889039198066,16.5198733312348
"20067",-96.7241717976,17.1020764074873
"20068",-96.7039558197431,16.7647818074457
"20069",-96.7953090222664,16.6215386539911
"20070",-97.9650796807242,16.4036721710124
"20071",-96.4271494846395,15.9180000204849
"20072",-96.6649887254175,16.6731337055522
"20073",-97.9043730277788,17.0184607242612
"20074",-96.2674521296156,16.308126429354
"20075",-94.444217839522,16.3900978750024
"20076",-97.8641237945153,16.64758939917
"20077",-96.8175160936509,17.2057801989873
"20078",-96.6369269888013,17.0008770037308
"20079",-95.2180824149712,16.1941540359299
"20080",-96.8156602483743,16.5144099996515
"20081",-97.9928989679861,17.5894931747758
"20082",-97.8064326498754,16.4490143520978
"20083",-96.6854001461617,16.9916744293092
"20084",-96.7188143984981,17.200830849899
"20085",-96.6208866401101,15.9750465709468
"20086",-97.5151371161004,17.1981667846407
"20087",-96.6798009219438,17.0806104762558
"20088",-97.791104094763,16.8471267839876
"20089",-97.6882920663631,17.6983626202258
"20090",-97.9138874990718,16.344534926795
"20091",-96.6670351914232,17.1258576762135
"20092",-96.8657259718082,17.0582506875787
"20093",-97.5286388892808,17.590094961742
"20094",-97.0637719385169,17.2338009103137
"20095",-96.5258205781765,16.2117400374007
"20096",-97.2936182258655,17.4834774642978
"20097",-96.2206212602606,17.2767476515151
"20098",-96.6019521207345,17.9428502465792
"20099",-98.3852505231109,17.6608351676602
"20100",-96.1317800824881,17.2892732473597
"20101",-96.8615159659783,16.6018610810426
"20102",-96.8998262973063,17.1849659413617
"20103",-96.6957125972593,16.8182799551539
"20104",-97.047417166272,16.8319094527698
"20105",-97.7428854002716,17.5186630295736
"20106",-97.4940557463833,17.7433573114162
"20107",-96.6904675435255,17.0233765211454
"20108",-97.1432009128123,16.920992020741
"20109",-97.1663904432441,18.1467295554651
"20110",-97.5737022629439,17.1526037658967
"20111",-98.0502830383976,16.5405499588719
"20112",-96.5072345003979,16.7670361098313
"20113",-96.7969747102678,16.0356935308183
"20114",-96.2125310077306,17.2198130376742
"20115",-96.6847389339004,16.949649361439
"20116",-96.6751989231747,18.0478984152601
"20117",-96.75520827361,15.9441163735684
"20118",-96.5001637916007,16.8961356384623
"20119",-97.4533277858876,17.2245324047461
"20120",-96.2416680831646,17.2453287130947
"20121",-97.3132944216286,17.5868050715069
"20122",-95.9232617798578,16.4248303426267
"20123",-96.9173567320328,16.8445798232977
"20124",-95.1461587715919,16.3575370169326
"20125",-95.9622270153433,16.4138797529496
"20126",-96.3823928234198,16.3072877712754
"20127",-97.5819426228058,17.2827527625236
"20128",-96.1750713833175,17.3529203735177
"20129",-97.3832428235276,17.7257328514345
"20130",-94.7401903442382,16.3371606171703
"20131",-96.3014329450872,16.7809608998198
"20132",-96.6668969480001,16.7477044348444
"20133",-97.6922817862074,17.075804276624
"20134",-96.534962159035,18.0692916272441
"20135",-96.8862175601339,17.0922072751637
"20136",-96.5066979198876,17.8208089940645
"20137",-97.367767480984,16.858472599728
"20138",-96.2609153627728,17.1815297559911
"20139",-96.7475821410783,17.9066820611311
"20140",-97.3186273332409,17.4158704896948
"20141",-94.472778987257,16.2336990584646
"20142",-96.9372276153412,18.1903824530647
"20143",-94.5114496309977,16.3547427509552
"20144",-97.2760251947043,17.3454042091047
"20145",-96.5977978447397,17.0247999533365
"20146",-96.3778510812206,16.3744297047277
"20147",-97.3334499683333,17.3634971155256
"20148",-96.201837690013,16.0931868486845
"20149",-96.9065564470033,16.5148710903667
"20150",-96.9264570206463,17.3717705625336
"20151",-97.5431200884173,17.8902112644307
"20152",-98.2629870734387,17.4772507212465
"20153",-97.040457243575,16.0480811406245
"20154",-96.4533206787033,16.287367627614
"20155",-96.9525065146403,16.5937722741462
"20156",-96.136585162467,17.3733224912728
"20157",-96.7568413573186,17.0949390331446
"20158",-97.3656034180693,16.5033873631597
"20159",-96.9705376590581,16.2044086345792
"20160",-97.8689299819105,17.807291555738
"20161",-97.0361615819282,17.3904734985002
"20162",-96.5720874872317,16.7049563327191
"20163",-96.9311330292959,18.1540166090216
"20164",-98.0922139731692,17.691497981821
"20165",-97.9724667599146,17.9546911944802
"20166",-96.1239993786679,17.9138101917062
"20167",-96.4909408514367,16.2780488563935
"20168",-98.2567560536575,16.3786750798875
"20169",-96.640728057495,18.2590609223312
"20170",-96.334953244735,16.4011456484679
"20171",-96.667609083547,18.1620818939741
"20172",-97.4994098869839,17.3501972114202
"20173",-96.4884000777183,17.4638156373756
"20174",-96.7160027273842,16.9885701772483
"20175",-96.7691728378649,17.5884401200708
"20176",-97.2628633782292,17.7206997597919
"20177",-96.9691346765574,17.7415637570932
"20178",-96.7591798923651,17.2379189681734
"20179",-96.807568143071,17.4397356622697
"20180",-98.3426009484495,16.5166781894511
"20181",-97.6416832642805,17.9989114134686
"20182",-96.5916912798426,17.8720551884759
"20183",-98.3226905361922,17.5933454284988
"20184",-96.0918460735313,18.0263641078548
"20185",-98.1626897351254,16.6416029056313
"20186",-98.271602697791,17.8654515996325
"20187",-96.7276782670058,18.059523859564
"20188",-97.9109247081208,16.49570477261
"20189",-95.9544824075026,17.3292547938328
"20190",-95.4970054044207,17.318483743464
"20191",-96.508713808873,17.2803532849957
"20192",-96.6675240620728,16.8295760092137
"20193",-96.7799933120834,17.330413446343
"20194",-96.1591157696153,16.8928243219276
"20195",-97.3886174183521,17.2807788284862
"20196",-96.5391930418472,17.4003970092489
"20197",-96.5400650154392,16.9525549483165
"20198",-95.1168089143365,17.0484508154879
"20199",-98.2905747205972,17.7628406623879
"20200",-95.891090755282,16.8758359481134
"20201",-96.3005420716998,17.3235385945607
"20202",-97.1188600363624,16.2086116162732
"20203",-96.5456455257816,16.5681681377388
"20204",-95.9181162204278,16.5110134017657
"20205",-95.7890469609905,17.4938745205635
"20206",-97.0391052395774,18.0460606353176
"20207",-95.4221277451469,17.1301492415615
"20208",-97.8558837453261,17.3373808212266
"20209",-96.313361380114,16.2498329901892
"20210",-97.7553641102654,17.4270681471685
"20211",-96.2098177895619,16.1072282335701
"20212",-96.0478719624563,17.4898984212372
"20213",-97.3556071292397,16.3406270142051
"20214",-96.6277268208862,17.6629339613559
"20215",-97.2916007811303,17.447444226527
"20216",-96.2177580659839,17.3194614987208
"20217",-97.1706987272252,17.1167986278498
"20218",-97.431419657591,17.0777453674453
"20219",-96.5980327788392,16.8949408063817
"20220",-96.7677378131832,17.7397987184265
"20221",-97.416937418334,17.5853757259218
"20222",-96.2782138184057,17.44273385859
"20223",-96.1829219228317,17.4111524490137
"20224",-97.269180851165,17.5212662775877
"20225",-97.8785205097757,16.4124018464917
"20226",-96.238157189526,16.8907694160335
"20227",-96.8038006314221,17.127583852872
"20228",-96.9188761542794,18.21539098831
"20229",-97.1848336211453,16.5269833536908
"20230",-98.1233418405342,17.6321427613817
"20231",-95.689302351294,16.9377236166196
"20232",-96.3632190470065,18.0344511268131
"20233",-96.4527209234033,16.8799427611411
"20234",-96.9142898686241,18.1142631503865
"20235",-96.477522140276,16.4526270256723
"20236",-96.4039996383435,16.0383907271004
"20237",-97.9069225776005,17.7378866439075
"20238",-96.7268585454764,16.6563107001727
"20239",-97.608834635199,17.3966175226078
"20240",-97.8585975654837,17.2161097255841
"20241",-96.8534462559062,16.6158936839486
"20242",-98.2446627146909,17.3622276741656
"20243",-96.6936534872894,16.8756260068431
"20244",-97.0315423465677,18.107686908571
"20245",-98.0715300345696,17.8162023125512
"20246",-96.1966524658035,17.1525970776287
"20247",-96.4232227704203,17.317208420057
"20248",-95.0446429085222,16.2096104642979
"20249",-96.8657882785333,18.143325529631
"20250",-97.2645037577901,17.4223109292768
"20251",-98.4219114414558,17.6463222975631
"20252",-97.4953853284251,17.1450274838505
"20253",-96.3398728849476,15.9712788696724
"20254",-96.524574787391,16.1214331150542
"20255",-97.3701162216759,17.0045409178264
"20256",-97.4285106980393,17.8060473220013
"20257",-96.1516923929405,17.2451935888313
"20258",-97.473118753297,17.3070850808546
"20259",-98.3324184332483,17.6835718290564
"20260",-96.7068194073073,17.4323320011291
"20261",-98.0213042560598,17.8862748253808
"20262",-96.4564151513004,17.2014479320301
"20263",-96.6808269684621,16.168062628095
"20264",-97.1987371692847,17.6253565439496
"20265",-94.4104821577848,16.6527632073779
"20266",-96.0978396298807,15.9444147559745
"20267",-96.5722993763083,17.3281203935229
"20268",-96.7370289904821,16.5967733629051
"20269",-97.6154216315524,17.0776893680552
"20270",-97.1458769213286,17.7555233103228
"20271",-96.9463356138186,16.7569456286171
"20272",-97.4024685764201,16.2365843720395
"20273",-97.0122978700241,16.9279857407176
"20274",-97.2142547486553,16.9809617516958
"20275",-95.7810889330702,16.9744929201894
"20276",-96.7984339852236,17.921575810199
"20277",-97.0574672122032,16.5132570517584
"20278",-96.4388718877632,18.2527366133836
"20279",-96.457670954045,16.0812139797003
"20280",-96.2309409550856,17.3667081964812
"20281",-97.2913765841572,17.3779039301248
"20282",-95.5483897658238,16.2330687818519
"20283",-97.3142057659467,17.8244820773152
"20284",-96.5643706457756,16.7778000622268
"20285",-98.1075055104527,16.4402355551201
"20286",-98.0105872157658,17.4414997061041
"20287",-97.443563227861,17.7541854658237
"20288",-96.3529246993806,17.3490728309097
"20289",-96.7458298854568,16.4294917571937
"20290",-98.1287416963708,17.7747909639673
"20291",-96.7893869820609,16.1723175434914
"20292",-96.8903195558571,16.9816444921461
"20293",-96.731354232183,17.1635958587636
"20294",-96.8734853794854,17.3108958323133
"20295",-96.8059056935057,16.8173448375634
"20296",-96.5225808200895,17.5216892861802
"20297",-97.4709526936573,17.007428671962
"20298",-96.2959898681959,16.9686371343466
"20299",-96.2147434052244,17.1262089703881
"20300",-98.0830044810508,16.6766717688241
"20301",-96.7354735236734,16.7392173223477
"20302",-97.9694055835724,16.5206063377915
"20303",-96.2619783830905,17.1633468846388
"20304",-97.1098673437098,17.5205932777428
"20305",-95.1680311102158,16.463378737497
"20306",-96.4718859418256,16.0152699948386
"20307",-95.7830044504074,15.9731669508769
"20308",-95.1473756132072,16.2441150044242
"20309",-96.5514330281757,18.1587259085696
"20310",-96.8280963448739,17.0520542885493
"20311",-97.0264087879172,17.6868233461522
"20312",-98.040855774544,16.47002886425
"20313",-97.0698384084795,17.7599084740259
"20314",-97.1089336776238,16.3174114694338
"20315",-96.7057517218159,16.7469413748384
"20316",-96.2533362043655,16.441964869845
"20317",-97.6432805582267,17.4498546415336
"20318",-97.0713959694629,15.9480437653524
"20319",-96.2101476116368,16.2192890704669
"20320",-97.5519571821619,17.1041667146276
"20321",-97.5768383177245,17.8093272464932
"20322",-96.911826115056,18.1822483359767
"20323",-95.8403056618523,16.9719836474571
"20324",-96.4121875178305,15.7885946945025
"20325",-96.0343637475061,16.7682251678246
"20326",-96.6423665020624,17.8205881494628
"20327",-94.2161846699655,16.280325011013
"20328",-96.5336657006084,16.6437204051445
"20329",-97.2740828377453,16.9957456313627
"20330",-96.6272012562592,17.9903246367365
"20331",-97.3903085664355,17.3385328406551
"20332",-97.358161390963,17.4556979541835
"20333",-96.2292159504607,16.6627973730071
"20334",-97.5374105769798,16.0775269225753
"20335",-96.3767262876922,17.4279541885451
"20336",-96.4761171096418,17.6337783959542
"20337",-96.1346712129515,17.0209914109456
"20338",-96.7940538209282,17.1952728235472
"20339",-97.5054154380504,17.5071529883334
"20340",-97.7085615204956,18.0879498599229
"20341",-97.4813725258574,17.5769646943785
"20342",-96.7550483518019,16.9820186507862
"20343",-96.6042191764908,16.9832739207336
"20344",-96.8706414260577,16.0900173595217
"20345",-98.1480013603668,16.5271576707081
"20346",-97.6736547721853,17.5186439080423
"20347",-96.423239007153,16.2043254995667
"20348",-98.0935441779695,17.3465091496466
"20349",-96.6326192846326,16.950759750148
"20350",-96.6764219339979,17.0468607346479
"20351",-96.7301453413287,16.399298076386
"20352",-97.9980841186408,17.835136454009
"20353",-96.7292664082553,16.3330098021838
"20354",-96.890060981089,18.2213959660779
"20355",-96.8011024869698,17.9921569998491
"20356",-96.4655317325071,17.0113602819489
"20357",-95.8836266447002,16.6036649347996
"20358",-96.8607228129116,16.7434281981265
"20359",-96.6208854002477,17.3966666232901
"20360",-96.7327700940331,16.8384384125047
"20361",-96.2396009156219,16.3292268203075
"20362",-96.6504072828547,16.2920361490981
"20363",-96.5775533111843,17.2146933963
"20364",-97.2956836976822,16.1763682975688
"20365",-96.4984516546273,17.1815328317624
"20366",-96.7182045211704,16.0718612838468
"20367",-97.8382951346961,16.3403657743048
"20368",-96.6135370664977,16.7908234869816
"20369",-96.7323135165445,16.8843035987691
"20370",-97.5508656817535,17.3353493929597
"20371",-97.5351381192981,17.0615408500044
"20372",-97.6703240879424,17.0051373197611
"20373",-97.5561628391477,18.0205091023536
"20374",-96.8848639282232,18.1581778347965
"20375",-96.6863948029623,17.0454890907631
"20376",-98.2174984621867,17.570317937942
"20377",-97.6807192543767,16.7279660420201
"20378",-96.9005105067688,16.7892293142913
"20379",-97.7188596584135,17.1544283516105
"20380",-96.5835044111878,16.9508025612391
"20381",-98.1635349829209,17.8228016306004
"20382",-97.4615073356682,16.91849114842
"20383",-97.5670652150566,17.3788857291282
"20384",-96.6770613452956,16.3387268757048
"20385",-96.7487517819306,17.0189430640553
"20386",-97.4851018818088,16.4687321678913
"20387",-96.7897621962347,16.779894242286
"20388",-96.8534957051774,16.9218092272167
"20389",-96.7564904492673,16.8041185437839
"20390",-96.6986120564824,17.0635112088507
"20391",-96.6204437076265,16.1795772929011
"20392",-97.7332362777244,16.9431210972145
"20393",-96.6661517283735,16.7253168764675
"20394",-95.8467923808454,17.077894896394
"20395",-97.0804726354583,17.6240457319405
"20396",-96.814531708616,18.105589390047
"20397",-97.6914043747734,17.23101214745
"20398",-96.8921422689654,16.6766498334053
"20399",-96.7860230594734,17.0876543558041
"20400",-97.6496497073177,17.8693432913767
"20401",-96.9221442193288,15.8616881992019
"20402",-98.3124070722992,16.4294879784426
"20403",-96.7099665654182,16.9703876673055
"20404",-97.2585267765888,17.5660048180778
"20405",-97.6370806132226,17.5929656073467
"20406",-96.7469151780985,18.2930930570753
"20407",-94.3882884647743,16.9468803937373
"20408",-97.6045223275694,17.3467541750126
"20409",-96.6337388506615,17.0287259058423
"20410",-95.8646997710185,16.2318684447751
"20411",-96.6114436348105,17.0000456677849
"20412",-95.3522441638114,16.7348044008913
"20413",-96.2226857631637,15.7965792506283
"20414",-97.9261920926044,16.2073152592427
"20415",-97.996423631516,16.6153898335205
"20416",-97.1584089921871,17.8503821227958
"20417",-96.1332900628395,17.8498927578841
"20418",-95.4735486326171,16.5155520651415
"20419",-96.5408530076327,17.362998757644
"20420",-97.0416467264542,16.7378899302344
"20421",-95.2756742531604,16.4257731756842
"20422",-97.3316270301411,17.6465116055718
"20423",-97.5009455087353,17.4078867633959
"20424",-96.3501160641995,16.0988379262587
"20425",-96.7855260505145,17.8052836078683
"20426",-97.0322562468342,17.0484049885268
"20427",-95.0728684741977,16.8833920065574
"20428",-96.0517977726002,16.3035416525789
"20429",-97.0295689965094,16.5568854429785
"20430",-97.3954649353967,17.1364472225498
"20431",-97.0987316954284,17.9540523064933
"20432",-96.1616387888494,17.3788073192145
"20433",-97.180225512867,16.1652852364939
"20434",-96.9711986431996,18.174520844841
"20435",-95.9880884540776,16.9507658664649
"20436",-97.0529358204961,17.7208472049886
"20437",-96.0526346966618,17.1147662376956
"20438",-96.736235458983,17.9233352675544
"20439",-96.6815850867432,15.7730503623018
"20440",-95.6144634004179,16.6231524593495
"20441",-95.0254178147885,16.3634446081328
"20442",-96.2953691982923,17.270644230856
"20443",-96.4119772518082,17.2008899417016
"20444",-97.4593292028545,16.8813284952784
"20445",-97.5012304184228,17.1080242284832
"20446",-97.8036437478326,17.0374187731641
"20447",-97.9739866985593,16.7788688889138
"20448",-97.35724810429,16.6423577359945
"20449",-96.3699300168372,16.558704054528
"20450",-97.5213142746037,16.6286781272371
"20451",-97.1362509081301,17.6505694972143
"20452",-96.7323993534349,16.7990474478008
"20453",-95.6123696104574,15.9772252069267
"20454",-95.921747464479,17.0976656223564
"20455",-97.9746590886307,17.9196733948627
"20456",-97.7350824085677,17.7312822321706
"20457",-96.1654448675812,17.5291619051427
"20458",-96.393417430502,17.6158371302765
"20459",-97.7195496396382,18.2010146702543
"20460",-95.9261239301388,17.3716395318732
"20461",-98.1022540281628,17.429893095634
"20462",-97.689132988008,17.8035295396107
"20463",-97.0463897154328,17.4876625860749
"20464",-97.446117240738,17.8805646503738
"20465",-95.5824658064646,16.9283477273655
"20466",-97.6996010141517,16.5385259833507
"20467",-97.7844464920066,16.2020355480825
"20468",-95.983059113077,17.6563206758173
"20469",-98.020397651837,17.1938608860015
"20470",-95.5270607770621,16.7716984829242
"20471",-96.251331058767,17.41344137189
"20472",-95.260164105642,16.6230814056364
"20473",-96.3259635417452,17.1987318953779
"20474",-98.2585928815099,16.4833987645072
"20475",-96.4229235253767,16.829341289642
"20476",-97.7203937531279,17.9815217312106
"20477",-97.2662306209124,16.438805540083
"20478",-96.9122871990877,17.5235604459479
"20479",-97.386505716424,17.4286865437
"20480",-97.6999233703326,17.3354646517813
"20481",-97.7586302367788,17.0100919384151
"20482",-98.121600477555,16.2928511525059
"20483",-96.9124842673758,17.2313736385918
"20484",-98.2328387551935,17.7361358551069
"20485",-98.4659289826705,16.3337009022486
"20486",-97.4638066023721,17.6658407505674
"20487",-96.9987979581053,17.2880645652432
"20488",-97.3974951454435,17.7911882902262
"20489",-97.6770378503439,16.3427853304626
"20490",-96.979861990757,18.2152892018475
"20491",-97.3110155720398,16.7211515884412
"20492",-97.3543278131839,17.2109314959126
"20493",-97.3182722541714,17.4652455206986
"20494",-96.9706628487463,17.025851532645
"20495",-96.2191170080429,16.0033978718358
"20496",-96.3931567176078,17.2720884532984
"20497",-97.2376186256348,16.2065578631076
"20498",-95.4915555438227,17.4985253263718
"20499",-97.573380076041,17.4677428524343
"20500",-97.5316088491147,16.8494618304768
"20501",-98.2240368272499,17.6140814429073
"20502",-95.8857362279727,17.1941190396308
"20503",-96.2524496097869,17.2154356806932
"20504",-96.6464593799823,17.2600032495502
"20505",-94.7318590084922,16.5800042111964
"20506",-96.2105789987957,17.0719868585048
"20507",-98.3647284208805,16.329282477821
"20508",-95.1730981550483,16.63067071818
"20509",-96.6348066884265,15.8334383508921
"20510",-97.5234081341664,16.910568921596
"20511",-97.0670824465005,17.1740462370801
"20512",-96.3132899087311,16.178084045906
"20513",-95.2190196273034,16.8546074382612
"20514",-96.071543047311,17.3322241759322
"20515",-95.3899928705275,16.2084240886042
"20516",-97.2769430395298,16.5743642428109
"20517",-96.0771953626748,16.93259546345
"20518",-97.339258515045,17.399984028919
"20519",-96.5894591289203,17.0719072163826
"20520",-97.9860896863991,17.6809129603114
"20521",-97.3557613136196,17.6087459789895
"20522",-96.2892800105883,17.1250625722492
"20523",-97.345525831853,17.5312923189553
"20524",-97.6996366380404,17.6348450953761
"20525",-94.3324890321601,16.4649765594492
"20526",-97.1859696521996,16.0802306136479
"20527",-96.8755199473033,17.7949422368577
"20528",-97.9510510040565,17.4221614358741
"20529",-98.0035925311387,17.7733195723985
"20530",-96.6385095261062,16.8667939241638
"20531",-96.9149818629109,17.1454554403482
"20532",-97.7845149246954,17.1138077800004
"20533",-96.5802709613684,16.2423369576127
"20534",-96.8327931210323,16.3738219458021
"20535",-97.0384279171393,16.6513101533352
"20536",-97.4348980797384,17.4284481789827
"20537",-98.1405208894154,17.5607094456384
"20538",-96.5390038316702,16.3618639822206
"20539",-96.8273292103493,17.1611072043983
"20540",-97.5805922331168,17.6905722884849
"20541",-96.293969924623,17.3847630231437
"20542",-96.7698450472458,16.5709612128256
"20543",-97.5352808569752,16.3096756064526
"20544",-96.6713262764789,17.3277949763673
"20545",-97.11318356185,18.1074527533702
"20546",-96.5178443342815,17.0561915369252
"20547",-97.537119391202,17.7459198724195
"20548",-97.3012705434124,18.0066593198855
"20549",-97.857701144612,17.5822703629586
"20550",-96.5477159676502,17.004888459441
"20551",-96.4822854433694,16.9402725943727
"20552",-97.4735804625423,17.8705138920385
"20553",-96.6158290036545,17.0955466985492
"20554",-96.0209129181551,17.2458830498225
"20555",-96.7868664510674,16.9294027644324
"20556",-97.5007380953492,17.7768574170621
"20557",-94.8228000645199,16.4857159431929
"20558",-96.9881777813153,17.7644969784482
"20559",-96.3352261612887,17.7971676060929
"20560",-96.3804647277758,17.0576471301423
"20561",-96.4469396161199,16.7045882537898
"20562",-97.3945915785346,17.3789947166636
"20563",-96.796157463666,16.4429860449666
"20564",-97.2972286569128,17.0766028505773
"20565",-96.7672735438063,16.9497086660188
"20566",-97.3851941586926,16.7790591634541
"20567",-98.3966045198711,17.7762256994423
"20568",-97.83573175165,17.8854682812988
"20569",-97.1416423206692,17.2744215239987
"20570",-97.1186116832831,16.7419675044479
"21001",-97.9419530662823,19.1017668977858
"21002",-97.2306637755506,20.110274197065
"21003",-98.058656363511,18.2355973868414
"21004",-97.7656067742152,19.0249331726283
"21005",-98.6802815161129,18.762192320483
"21006",-97.8678575801265,20.0274321657895
"21007",-98.284581962909,18.5729887149023
"21008",-98.1347110692409,20.0617602613321
"21009",-98.1911046594317,18.2293596671994
"21010",-97.1244969733995,18.4220967541349
"21011",-98.5448094543402,18.0104366912939
"21012",-97.5176151706487,19.10078762268
"21013",-97.2986747632396,18.3540686723537
"21014",-97.79648175342,20.0551095875083
"21015",-98.0556514899124,19.0491928383535
"21016",-97.9282149386776,19.7714982340813
"21017",-97.4413345282045,19.8128099169162
"21018",-97.6903884251918,18.374589578927
"21019",-98.453334299777,18.9004027793584
"21020",-97.9076780243845,18.8052808580368
"21021",-98.5530554634261,18.5419384283585
"21022",-98.6128072038677,18.8242555929587
"21023",-97.3036612197708,18.9347308555076
"21024",-98.3932216496764,18.1824890893451
"21025",-97.4091863785416,20.0835491422051
"21026",-98.4751622807138,19.1065867818905
"21027",-97.480857131766,18.1396222821447
"21028",-97.750264826264,20.0312515924733
"21029",-97.6033314202646,20.0738887507655
"21030",-97.7293011990846,20.0562688343876
"21031",-98.1642676873015,18.5700409147226
"21032",-98.7902662440318,18.1897804747868
"21033",-98.7194464385038,18.7450666871704
"21034",-98.2922315485414,19.136610380326
"21035",-97.1173426286644,18.2447801508833
"21036",-96.965384926249,18.2826574868015
"21037",-97.8142727269736,18.4005040668498
"21038",-97.826603426884,18.9178610732237
"21039",-97.7941420497543,19.90875900027
"21040",-98.0431026317115,18.9629732111576
"21041",-98.2524533591645,19.1201578572753
"21042",-98.1922696924691,18.4458487999042
"21043",-97.5019868943858,20.0286665959486
"21044",-97.5745448723452,19.5990694734868
"21045",-97.4293581282448,18.975540332955
"21046",-97.4061243863293,18.6381775643825
"21047",-98.5991025397051,18.2762880203343
"21048",-98.5134453144926,19.1951139655058
"21049",-97.964653932818,20.0884534094543
"21050",-97.0703208109543,19.206262121479
"21051",-98.6259477570957,18.509979434175
"21052",-98.0585157702461,18.6483172940042
"21053",-98.1345605723379,19.8208667442048
"21054",-97.4348909784924,19.738421739939
"21055",-97.8793437176478,17.9588520517936
"21056",-98.4693124178843,18.1403194306434
"21057",-98.2375279211394,20.2608608119192
"21058",-97.2138099105536,19.2575468601676
"21059",-98.2796472023959,18.2301506463396
"21060",-98.4421881270657,19.1327789110239
"21061",-96.9274748992978,18.507207002845
"21062",-98.3783619483443,18.6175249898475
"21063",-97.3611113909118,18.8575823316905
"21064",-97.8116404740602,20.7091920927913
"21065",-97.666319119976,19.0216821407021
"21066",-98.1499677923081,18.0487407511282
"21067",-97.3772008809825,19.3197105408716
"21068",-97.7302080973857,20.1184290729274
"21069",-98.5178839729007,18.7713102029868
"21070",-98.0688108457725,18.6844789713318
"21071",-98.0521230043104,20.1651033757104
"21072",-97.6200638469958,20.1154406973566
"21073",-98.7280032592151,18.3879350145656
"21074",-98.4518068897868,19.1672000271545
"21075",-97.4006353750362,19.9215374372358
"21076",-97.3101150565439,20.0294468310986
"21077",-97.6820896036919,20.0446710621631
"21078",-97.7130538170013,19.9443581244618
"21079",-97.859328761255,18.7674530390013
"21080",-97.6285392783244,20.015518450446
"21081",-98.7128439196831,18.0346201902485
"21082",-97.8329414355083,18.4823245108651
"21083",-97.859253856812,19.6235635935456
"21084",-97.6396469880363,20.0435094705387
"21085",-98.4485918184545,18.5035821639253
"21086",-97.8755408250179,20.4565755548707
"21087",-98.9142333603928,18.3080874023776
"21088",-97.5692754622626,20.0461296677333
"21089",-97.7770529218198,20.204625145329
"21090",-98.3488521435774,19.1218677020027
"21091",-97.9968598752742,20.2232432937647
"21092",-97.7392389098596,18.5300268024107
"21093",-97.2944220791975,19.2762637316577
"21094",-97.6751854777068,19.4701506052071
"21095",-98.1021901080049,18.7431784382196
"21096",-97.6897278818444,19.146790730459
"21097",-97.889338101329,18.9076546179944
"21098",-97.8716935011352,18.6696067949891
"21099",-97.4254739533902,18.7346640850685
"21100",-98.1039101740503,20.2433633241611
"21101",-97.5893699041552,19.9612898114439
"21102",-98.4449790127728,19.0585165988575
"21103",-97.3341094414502,18.6287461486878
"21104",-97.8336790317643,19.1917644169375
"21105",-97.6745261815941,19.555179703086
"21106",-98.3193936303011,18.9304376296139
"21107",-97.6709116099348,20.1135140292439
"21108",-97.5844720254779,19.3293941870781
"21109",-98.1354945043214,20.2919864863439
"21110",-97.5374372195944,18.834544964551
"21111",-97.8774534117497,20.5546975203575
"21112",-97.9164760087623,18.0690479733636
"21113",-98.267232644294,18.1191434257505
"21114",-98.1754731238996,19.0096814494498
"21115",-97.6365953335732,18.9480822363632
"21116",-97.1125205004713,19.2542373485664
"21117",-97.822407826878,19.2640294818226
"21118",-97.8265146298247,18.9644493192834
"21119",-98.2902779457415,19.0229736528947
"21120",-97.2745287803832,18.4971038581641
"21121",-98.3350900401301,18.7682618655545
"21122",-98.5261253318523,19.2306044985553
"21123",-97.7863575186609,20.1094484667956
"21124",-97.3868363230339,18.3175592949026
"21125",-98.3466881403437,19.0098765685364
"21126",-98.3960476477936,19.0276161079586
"21127",-97.9189483371354,18.197046193288
"21128",-97.7281248110177,19.2537081979644
"21129",-97.2899488171995,18.2300010961773
"21130",-97.552794847024,19.0468637970912
"21131",-98.0322941963906,18.7453939565194
"21132",-98.4275253406704,19.268475410447
"21133",-98.3567888189015,18.6539343359966
"21134",-98.5005689349696,19.3492569427302
"21135",-97.7693567080077,18.0129294922605
"21136",-98.3084293675152,19.1754432679
"21137",-97.4979404002543,19.2242211068706
"21138",-98.5648809898284,19.0782819672426
"21139",-98.1375410734127,18.1407888635291
"21140",-98.3432604497565,19.0741718166661
"21141",-98.0437623268407,18.0407970386104
"21142",-97.6136797331133,19.1566973723038
"21143",-98.5606369633473,19.2450171300393
"21144",-97.7741135865071,18.9251320777629
"21145",-96.8291194775918,18.3785339619522
"21146",-98.0806763869823,18.6154452990273
"21147",-98.0482630560838,18.4040628002529
"21148",-98.3826851511802,18.9702053990275
"21149",-97.4254824150613,18.5552438201469
"21150",-98.1590728020447,18.7572054254315
"21151",-97.8672711121708,18.8885327629893
"21152",-97.7467981640596,19.1214401855442
"21153",-97.9694049803772,18.8853322575607
"21154",-97.7319029878831,18.8578354821448
"21155",-98.3204140201413,18.0690358986001
"21156",-97.4472919251853,18.4585957513012
"21157",-98.3049073200495,18.3510851925508
"21158",-97.4012817694956,20.1885311422138
"21159",-98.2507430912669,18.729847063259
"21160",-98.8391801429771,18.4535040880128
"21161",-97.5434315948476,18.554539774604
"21162",-97.7865572476908,20.009952784608
"21163",-98.0075031845108,19.1557023070996
"21164",-97.8777427691624,19.0113608800317
"21165",-98.6355421314503,18.7432872335658
"21166",-98.4324389670543,18.7209480173909
"21167",-97.8515942113623,19.9500614718478
"21168",-98.6538551542378,18.6459106369012
"21169",-97.936897079422,18.4977222853631
"21170",-97.4641650962257,19.4798368945293
"21171",-97.8653598520474,18.8073006040005
"21172",-97.7867990263217,19.8171419667257
"21173",-97.4449750122778,19.8550836879864
"21174",-97.3567469006724,19.8618611197157
"21175",-98.4801753481731,18.9995579860774
"21176",-98.5422116496103,18.6128330579213
"21177",-97.6286829981029,18.6550052194824
"21178",-97.9952091759656,20.3791630373854
"21179",-97.3539117744856,19.1337860984939
"21180",-98.5844324456942,19.3616262595798
"21181",-98.3436336929158,19.1572055674338
"21182",-97.8886981404159,18.8582939289354
"21183",-97.9085930481196,20.1672018390085
"21184",-97.8381430446976,20.1271106920502
"21185",-98.5373214912576,18.6884613874963
"21186",-97.4995807133863,19.8399531237459
"21187",-98.0480228068504,20.4011306241272
"21188",-98.6134201033099,18.922658307648
"21189",-97.8224080121819,18.8305235993328
"21190",-97.8498967248271,18.2933005435993
"21191",-98.3974137215544,17.9752890580422
"21192",-97.5305733856082,20.1044444020605
"21193",-98.0430416869105,18.8163117945018
"21194",-97.6887492100065,20.5089879488009
"21195",-97.1830572664824,18.5311503734968
"21196",-97.9460697863591,18.2784235594766
"21197",-97.9036817244436,20.3259294083387
"21198",-98.5984189732415,18.093880461965
"21199",-97.3603616865724,19.7214187233456
"21200",-97.6465028517247,19.8492690263684
"21201",-98.3390806597733,18.6574954636456
"21202",-97.6528740518381,19.9393000414417
"21203",-97.7805404753757,18.6934165319216
"21204",-97.4426862954209,19.9178056180752
"21205",-97.6807125770214,18.7657583785194
"21206",-98.0456881021374,18.5835057777339
"21207",-97.5811421022499,19.8537356314992
"21208",-97.9992907361034,19.964502886266
"21209",-97.5245009226879,18.2751713863293
"21210",-97.6924198075071,20.0035661444798
"21211",-97.5685541330698,19.7460705967725
"21212",-97.6842304799649,19.7156309804365
"21213",-97.7979162590876,20.2992546687953
"21214",-97.220814445273,18.328022299373
"21215",-97.7605046313064,19.9766810915225
"21216",-97.5985632379126,20.0082478966777
"21217",-96.9798265399616,18.3771935399027
"22001",-100.099133006889,20.1743775767273
"22002",-99.5935009796758,21.1422234852018
"22003",-99.6370176578709,21.4091970567883
"22004",-99.6579250288543,20.7913459486517
"22005",-100.100696455915,20.7574877809734
"22006",-100.44205404905,20.4873305825908
"22007",-99.8649245748283,20.646639997017
"22008",-100.315736896736,20.4042606086376
"22009",-99.3319374707035,21.3740017551208
"22010",-99.1901597395747,21.2580590400765
"22011",-100.27879717305,20.7211864236518
"22012",-100.173300566534,20.4714484349565
"22013",-99.829429350744,21.0983728054268
"22014",-100.45200485948,20.7284978626427
"22015",-99.5181026688491,20.9854118990762
"22016",-100.000583517832,20.3689174273431
"22017",-99.9532304880407,20.5516797036833
"22018",-99.9355361310583,20.9181241785328
"23001",-86.9025864760991,20.4422222773925
"23002",-88.0568104234791,19.6691453828098
"23003",-86.9884849206979,21.3627031351528
"23004",-88.4730027142526,18.5088322878109
"23005",-86.9403569846321,21.078083746394
"23006",-88.8165614402977,19.6359783268336
"23007",-87.3851746566135,21.050706392008
"23008",-87.3999988672278,20.5821967331626
"23009",-87.6668045920968,20.3064288634136
"23010",-88.5313101842758,18.975952486331
"23011",-87.1297136264745,20.93746017852
"24001",-101.253123749656,22.4497377597136
"24002",-99.6205538274812,22.1003950307828
"24003",-99.1114878270027,21.7230695925501
"24004",-100.638311055209,22.2707382851605
"24005",-99.6750248398794,21.9897168339189
"24006",-101.057212337484,23.6448597426854
"24007",-100.673825770953,23.9308986235893
"24008",-100.277586436067,22.4461964971352
"24009",-100.779218774679,22.1930605323786
"24010",-99.7169832933894,22.4390646095335
"24011",-100.210939893546,22.0145686761599
"24012",-98.9591043170209,21.630543368538
"24013",-99.0629180577599,22.1072205502588
"24014",-98.9059131365343,21.5150080402186
"24015",-101.119670942075,23.2195731632092
"24016",-98.5144574451518,22.2045872120191
"24017",-100.30375931448,22.8656222422148
"24018",-98.9815171451349,21.5232414079739
"24019",-99.6096393590294,21.6142934783652
"24020",-100.587827543462,23.5129412815956
"24021",-101.156569359518,22.258769982051
"24022",-101.171930211763,22.7332279459728
"24023",-99.6176658620116,21.824919844304
"24024",-100.033203319465,21.9603446468877
"24025",-101.628456751537,22.7980872985606
"24026",-98.8398838301251,21.6314128808094
"24027",-99.8962577073679,21.5736367891036
"24028",-100.960335542341,22.2689832484315
"24029",-98.6204384961346,21.4001227501352
"24030",-100.457281559922,22.1694737045819
"24031",-99.4054281820036,21.588816115466
"24032",-100.553943821949,21.7685680970332
"24033",-101.681943153877,23.3496296289897
"24034",-98.5975047806156,21.7970871274353
"24035",-100.85596110408,22.272648424979
"24036",-99.3559330004755,21.9328785981981
"24037",-98.7856948363635,21.2414561257284
"24038",-98.7464536220181,21.4174965565032
"24039",-98.7715105027024,21.5534771987296
"24040",-98.7346969571851,22.0928977743419
"24041",-98.8256436376329,21.7233913355915
"24042",-98.6655434615584,21.6072345957684
"24043",-100.496407559476,21.6648431811378
"24044",-100.914632433924,24.1096480351572
"24045",-101.09533881422,22.9256461252519
"24046",-101.274448064001,21.968439216996
"24047",-100.716950886645,23.2108533157648
"24048",-100.756334756099,23.6651259340154
"24049",-101.916588094644,22.9319854649431
"24050",-100.981094008386,21.8512927901354
"24051",-100.673362359057,22.6399544865734
"24052",-100.198296036664,22.2895641601461
"24053",-98.8700446719605,21.4261388062247
"24054",-99.0262645638611,21.3858236328771
"24055",-100.675742205193,22.010042704721
"24056",-100.803563660865,22.6590966772183
"24057",-98.8377845338735,21.329804241773
"24058",-99.3653711296622,22.4898297820578
"25001",-109.133636229063,25.8953974888831
"25002",-108.141067504224,25.1461653340728
"25003",-107.396403307039,25.5918062499507
"25004",-105.991193803137,23.4146288224023
"25005",-106.799258124264,24.4809639374151
"25006",-107.266372181795,24.6511815616757
"25007",-108.27728532643,26.6798293738206
"25008",-106.840896259641,24.042333512854
"25009",-105.685907795171,22.7235617629927
"25010",-108.68009888252,26.2541780637681
"25011",-108.558294170896,25.5348238611124
"25012",-106.306005109705,23.4675851704531
"25013",-107.779675199151,25.3597452556741
"25014",-105.805823778785,23.0559866210759
"25015",-108.077071006907,25.4206123899048
"25016",-106.370686793407,23.953751712959
"25017",-108.111206915737,25.9690802410588
"25018",-107.76462682509,24.7234846292845
"26001",-110.220216687681,29.7968083951389
"26002",-109.197604371923,31.1045783619648
"26003",-108.877524941615,27.0502065743477
"26004",-111.92407790412,31.1748931381203
"26005",-109.050544663918,28.8741021619289
"26006",-110.188641416396,30.4110165033384
"26007",-111.544482196746,30.816054178644
"26008",-109.087855768991,29.8444208814435
"26009",-109.385088475114,28.8941054535789
"26010",-108.818244615625,30.3101135830435
"26011",-109.979552993326,30.6703267971426
"26012",-110.159024779086,27.7429874705796
"26013",-110.273088638773,30.0610605746981
"26014",-110.119023010376,29.6251906458412
"26015",-109.00692310868,30.617635004284
"26016",-111.210953045024,30.1699453324817
"26017",-112.539820535133,30.8251114524342
"26018",-109.886898049677,27.7923385869295
"26019",-110.235294404519,30.9879401287124
"26020",-111.071989706164,29.7196541414171
"26021",-110.382195811533,28.724032873458
"26022",-110.630729840756,30.411736998083
"26023",-109.810776591614,30.0663462714852
"26024",-109.377067023723,29.6157575557954
"26025",-110.668686675493,28.0083019939447
"26026",-109.688315117665,27.0154021356557
"26027",-109.648136896265,30.8482106759769
"26028",-109.312705815937,29.760914699757
"26029",-110.625679123925,28.1427987042146
"26030",-111.402645071643,29.0270544044664
"26031",-108.914820610925,30.1234486593468
"26032",-109.381574227378,29.9755080733082
"26033",-109.405528109626,26.6506699288838
"26034",-110.246265719324,29.9303589783516
"26035",-110.746265538427,30.847588748649
"26036",-111.022889112057,30.7326598806234
"26037",-110.209984699154,28.95962964861
"26038",-109.722620584433,29.7284709925114
"26039",-109.957867108599,31.2296885206553
"26040",-108.852011324482,29.6354718866671
"26041",-109.480050830098,30.4866621426602
"26042",-109.402162816526,27.0778456626523
"26043",-111.001900356786,31.1987662883287
"26044",-109.492150209979,28.4570316262502
"26045",-110.819879074802,30.0293418086882
"26046",-111.655532388155,30.7615839817099
"26047",-112.094189621436,29.9515253105961
"26048",-113.29345417676,31.5303868978814
"26049",-109.364397411648,27.5792168240493
"26050",-110.543904186069,29.753215024806
"26051",-109.318469226875,28.0328760552699
"26052",-108.994383356289,29.0096254274696
"26053",-110.330183304192,29.8773233662263
"26054",-109.75841410059,28.6109238980085
"26055",-114.350385896643,32.0174922105216
"26056",-110.798466483062,29.4634828243102
"26057",-109.671808769205,29.266247351913
"26058",-111.059091528522,30.4522534790748
"26059",-110.548907614515,31.1926652689927
"26060",-111.45362960724,31.2818363809855
"26061",-109.611266465019,28.7897555200986
"26062",-109.886537135392,28.3918710762567
"26063",-109.528983047542,29.4734005825082
"26064",-111.581558929237,30.3121545243708
"26065",-111.402881075225,30.9212302998522
"26066",-110.329342961157,29.3423514132766
"26067",-109.333224214263,30.23445775681
"26068",-109.971086522488,29.0863003011178
"26069",-108.965380400515,28.420178286558
"26070",-112.907547777192,31.7200388652923
"26071",-109.851051340567,27.1055030168942
"26072",-110.358949479733,27.3598491659263
"27001",-91.3115691205587,17.804322229422
"27002",-93.647261560602,18.1705384381781
"27003",-92.5870517820927,18.3612566597491
"27004",-92.8610886959324,18.008023835905
"27005",-93.336757290275,18.2860488812396
"27006",-93.2204500842204,18.0766212700179
"27007",-91.6764044390906,17.706406922563
"27008",-93.69950520282,17.8269963867725
"27009",-92.7880203628808,17.7631552010797
"27010",-93.0848417431353,18.2121047460012
"27011",-92.1431363357826,18.0786822221121
"27012",-92.4594752512747,17.8452282504371
"27013",-92.9491810597167,18.1871679547826
"27014",-93.1996133317299,18.3811418181946
"27015",-92.7321922045652,17.5289353755891
"27016",-92.9521005475088,17.621996105784
"27017",-91.294009423205,17.4267013513871
"28001",-98.268029497957,24.1344801351023
"28002",-98.0362102704188,23.0015681415361
"28003",-98.0829425570734,22.5416029391173
"28004",-99.078941846834,22.56117377864
"28005",-98.8452327980618,24.9283937221174
"28006",-99.8736486834394,23.3283417050989
"28007",-98.8573477334352,26.1838736353572
"28008",-98.6167015165673,23.5389191144366
"28009",-97.8279007349701,22.2800353019629
"28010",-98.4401985313916,24.6283103365144
"28011",-99.1786606682057,23.0064242930721
"28012",-98.5550833899694,22.7851280940541
"28013",-99.0896842733048,23.8873280778107
"28014",-99.4823789300103,26.9039661783254
"28015",-98.6404939099763,26.1341431533391
"28016",-99.3801503823262,24.1958023350773
"28017",-99.413139831665,23.4785684588801
"28018",-98.5206916909902,24.2597579527607
"28019",-98.8577619028624,23.2721649533751
"28020",-99.5644306592042,24.588979379181
"28021",-98.8343791075633,22.571481304471
"28022",-97.5328017074162,25.6112286473554
"28023",-98.4404221655762,25.2231836028612
"28024",-99.2576244471391,26.4160892017956
"28025",-99.0680045710329,26.2388140339533
"28026",-99.7738998084645,23.6194403676669
"28027",-99.6737767822639,27.4755391143088
"28028",-99.2039832928411,22.5086280581094
"28029",-99.3358979250966,22.8303581305913
"28030",-98.8449858636846,24.022243369824
"28031",-99.5656135367622,23.2694070658499
"28032",-98.373526377212,25.8095462564894
"28033",-98.0380791578558,25.7441047148879
"28034",-98.9758705896661,24.4762264207318
"28035",-97.9579790178615,24.8905373020785
"28036",-98.7697914623934,24.6316019957074
"28037",-98.0379191285182,23.7829163942099
"28038",-97.8991555585434,22.2780699339445
"28039",-99.7765788864376,22.9411127087429
"28040",-97.8450779580979,25.7005305259151
"28041",-99.1660776802377,23.6975646012315
"28042",-99.361292669578,24.5604296309282
"28043",-98.9309234154588,23.0062063291382
"29001",-98.1645809733783,19.3554324430366
"29002",-98.1964109971145,19.3535879168231
"29003",-98.1817037827643,19.5412778735838
"29004",-97.7937147350858,19.4138662336708
"29005",-98.1288879880708,19.4244863569336
"29006",-98.5907375541704,19.5605159755516
"29007",-97.6762246909168,19.3343748891573
"29008",-97.7668551179577,19.3321186620613
"29009",-98.090944056864,19.3485182542248
"29010",-98.1294351381281,19.2887885962829
"29011",-98.2392571750235,19.5084831234459
"29012",-98.4390151104752,19.4445213930429
"29013",-97.9360378439973,19.3317564186555
"29014",-98.3429364707849,19.4879609590353
"29015",-98.3842110943146,19.3566259572175
"29016",-97.9102196224394,19.2581069532399
"29017",-98.1636089488587,19.1919383191238
"29018",-98.1363373031712,19.3206772893818
"29019",-98.3789316781955,19.2820302936554
"29020",-98.4405449996839,19.5481441023555
"29021",-98.552968242322,19.4996988736089
"29022",-98.1747763600745,19.2165821211936
"29023",-98.3312352729449,19.2348394253638
"29024",-98.2854691955811,19.3506595818253
"29025",-98.140666257053,19.1560461311777
"29026",-98.1291553866476,19.3512935797955
"29027",-98.1898842604587,19.1521553836384
"29028",-98.1172674379086,19.2231317013552
"29029",-98.2290095520808,19.2471945643045
"29030",-97.9348624407337,19.4835993906444
"29031",-98.0749238425649,19.482700060689
"29032",-98.2860766997121,19.2395647440355
"29033",-98.236530668553,19.3079901128303
"29034",-98.1787218233827,19.619993673167
"29035",-98.0172154834115,19.3882533759852
"29036",-98.247147190609,19.3352849350088
"29037",-97.9262390559125,19.211952383656
"29038",-98.08373585297,19.3805497191066
"29039",-98.0278136155837,19.4152882481728
"29040",-98.2381845415064,19.4292211533147
"29041",-98.1998218247867,19.1719436400046
"29042",-98.2424516839446,19.1710803225112
"29043",-98.1766056700621,19.3994443413087
"29044",-98.2629034999325,19.1959465254812
"29045",-98.4100551837241,19.595577347973
"29046",-97.9256102871918,19.5642100645892
"29047",-97.9874492407012,19.5367705949486
"29048",-98.1899226209622,19.2746995586629
"29049",-98.2980727325872,19.2829373105038
"29050",-98.0810850935275,19.255991161475
"29051",-98.263612984528,19.2462088248938
"29052",-98.0490613967265,19.3212644637361
"29053",-98.2534666037271,19.2363037804148
"29054",-98.2623439102104,19.2223029976033
"29055",-98.2544830306429,19.4897337307857
"29056",-98.3311315350972,19.3005943876163
"29057",-98.3084316243911,19.2461486986861
"29058",-98.216978158458,19.1927711629671
"29059",-98.2117346926251,19.2106846211802
"29060",-98.2075733691536,19.2636907916762
"30001",-97.045545137653,19.5646663762921
"30002",-96.8407589902362,19.6913532681874
"30003",-95.031398521525,18.0362844421274
"30004",-96.5286106548219,19.5469762143517
"30005",-95.8028816042823,18.5542679919949
"30006",-97.2762789442683,18.7163193324741
"30007",-96.5697365834866,19.0098022578306
"30008",-97.1371111642637,19.0972142029404
"30009",-96.5835535366556,19.7179381135986
"30010",-97.1272980877913,19.7753250170702
"30011",-95.8511093701279,18.8016082074466
"30012",-95.6903275769765,18.4342706436377
"30013",-97.6832581261558,21.3118361904992
"30014",-96.8773148898398,18.8598534482826
"30015",-95.392461379821,18.6017429263273
"30016",-96.3090477811448,19.311374320103
"30017",-96.6688592758583,19.3375786151184
"30018",-97.3231296147647,18.7886586823979
"30019",-97.1007001466541,18.5616038002536
"30020",-97.1040570780088,18.6775969252967
"30021",-96.7986540288427,18.9303637139453
"30022",-97.078422169018,18.9444569890507
"30023",-97.1146991403044,19.9085122542273
"30024",-96.8226278043378,19.2880460051503
"30025",-97.1944378030453,19.4034706792957
"30026",-96.9450139203112,19.58662855816
"30027",-98.1805776908374,20.8195283264527
"30028",-96.1181582577819,19.1229927656991
"30029",-97.1806183300624,19.1143503482912
"30030",-97.1623161101878,18.7914893421703
"30031",-96.5819387664761,18.8161526647083
"30032",-95.026085370957,18.4348309282566
"30033",-97.2842897203722,20.7147946581698
"30034",-97.7680621190402,21.1874483666029
"30035",-97.8899785847977,21.3442414812267
"30036",-96.9473422844548,19.6731194627279
"30037",-97.7059390680041,20.2677990335369
"30038",-96.9322614896839,19.4479318375392
"30039",-94.3943165342534,18.1326361928529
"30040",-97.5382208583901,20.4274314636332
"30041",-96.9232658791351,18.7751909060853
"30042",-96.7029143721588,19.935036332419
"30043",-96.686320825707,19.1394341445157
"30044",-96.9383654459958,18.9319251108641
"30045",-95.9732674236887,18.3026438086286
"30046",-96.9661410677268,19.3327228482044
"30047",-97.0872012886811,19.0536986092939
"30048",-94.5669165087306,18.0168062515939
"30049",-96.3677870661744,18.8634289241188
"30050",-97.5516706349566,20.2150254996401
"30051",-97.663790677194,20.3369472450791
"30052",-96.8244437236156,18.7680741843541
"30053",-96.6613755528153,18.777441228449
"30054",-95.8059000109894,18.2135447082741
"30055",-98.38643891972,21.206558062279
"30056",-98.4776499429557,21.2641112712841
"30057",-96.7770518367744,19.7566611459222
"30058",-98.0410892559764,21.0029649388789
"30059",-94.6979873292054,18.0532843144107
"30060",-97.6702688727366,21.3760817241678
"30061",-93.9559863238454,17.5341705449361
"30062",-97.0352237814469,19.0001550117937
"30063",-97.977833486519,21.3852504885304
"30064",-97.5884390287551,20.2203006965999
"30065",-96.730418765241,19.439981199641
"30066",-97.4940040019147,20.2753131123244
"30067",-97.6986211094097,20.2053036308301
"30068",-96.9910378346416,18.9043078061606
"30069",-97.1082662739329,20.4468861446332
"30070",-94.6243880184235,17.5613487276927
"30071",-96.941222755236,19.1368067883258
"30072",-98.4681845540092,20.5166320471155
"30073",-95.1569361366567,18.1955452461525
"30074",-97.1328325375455,18.8168981700377
"30075",-95.9646017171769,18.6645976204569
"30076",-98.423545522846,20.784063935514
"30077",-95.558358581238,18.0804650844639
"30078",-98.0212224347328,21.2392269373354
"30079",-97.0892239530606,19.3621068881674
"30080",-96.92901490054,19.0373072314339
"30081",-97.1662786486841,18.8901921437875
"30082",-94.3947564121201,17.9843104608034
"30083",-98.0105240975434,20.7220937811349
"30084",-95.8863450235553,18.4739337255027
"30085",-97.0273065630468,18.85013106122
"30086",-97.2914183023808,19.7669963485138
"30087",-96.8882288566373,19.5443461584805
"30088",-96.7598658190371,19.3452383534394
"30089",-94.7157067922094,17.8745322430395
"30090",-96.2526832172591,19.00096973015
"30091",-94.9041361241597,17.4182306113579
"30092",-97.0596352015499,19.4479384628984
"30093",-96.9195913811169,19.6128827643476
"30094",-95.3660245831341,17.9823381403023
"30095",-96.660477047299,19.8196847435747
"30096",-96.8535607924788,19.7444784827376
"30097",-95.5013379475455,18.6561636553947
"30098",-97.0476300518722,18.7683036976759
"30099",-97.2654475522441,18.8367771425617
"30100",-96.3390062896662,19.1050826745714
"30101",-97.1857210364487,18.9334198924628
"30102",-97.0534138882272,20.1362510654688
"30103",-97.653299471157,20.2077908299704
"30104",-94.7942115870756,18.1831259069474
"30105",-96.1610562328422,18.9884971226138
"30106",-96.880305071087,19.7222464791689
"30107",-97.1518055132759,19.7013773174841
"30108",-94.3891691991261,17.7128619739345
"30109",-96.886932493343,19.9632937115649
"30110",-96.9774251906018,18.5932867965045
"30111",-94.2853928649617,17.9829909122137
"30112",-96.8408503790556,19.6326603996028
"30113",-96.9533957592083,18.795426503656
"30114",-96.7936183348154,20.1078160001509
"30115",-97.1984849340456,18.8253505542142
"30116",-94.8878100177806,17.9045393814844
"30117",-96.703960279877,18.7117620545873
"30118",-97.1023196678221,18.8570150269168
"30119",-96.0359353385239,18.1666659076122
"30120",-94.6611648016186,18.0013660193483
"30121",-97.8471885743506,21.7214173469407
"30122",-94.6768955651338,18.2041629206869
"30123",-98.2561686602639,22.11213089149
"30124",-97.2857075831768,20.4104799049745
"30125",-96.6660133320649,18.9431686467689
"30126",-96.4502918254093,19.245390996098
"30127",-97.1914341548684,18.9907460296965
"30128",-97.2783392723551,19.5281886028913
"30129",-98.3756918465375,21.2964186141045
"30130",-95.6457625271093,17.7663672704581
"30131",-97.4385450496262,20.529607679438
"30132",-97.0944663978748,19.6233205947475
"30133",-97.9230069236986,22.1584608637862
"30134",-96.5642692995807,19.3026253416458
"30135",-97.0963832547708,18.8032736496191
"30136",-96.9872842328513,19.5993674714337
"30137",-97.0442684258943,18.67333639801
"30138",-97.1485079977184,18.845298377842
"30139",-95.5210146198812,18.561401747947
"30140",-97.0941364484565,18.7720569214399
"30141",-95.2218554816002,18.4660145937132
"30142",-95.1644512972906,17.76602393923
"30143",-95.3992532564835,18.397658975243
"30144",-94.9478723906515,17.7259032118511
"30145",-94.8336724705712,18.0036929130064
"30146",-96.9207107608736,19.1712068236395
"30147",-97.1838346064533,18.7056244661319
"30148",-96.4529974801535,19.0489001153955
"30149",-94.9020103966602,18.239279475549
"30150",-97.6237649830087,21.5254703045486
"30151",-97.4961926735055,21.3225934020719
"30152",-97.7743573839883,21.9347472666873
"30153",-97.7823283831014,21.2622000362128
"30154",-97.7556419434117,21.4280296305405
"30155",-98.1713958354294,21.3894249657023
"30156",-97.083907428441,19.7110367907997
"30157",-97.6674785634491,20.7307172090894
"30158",-97.022348231336,20.3837110290623
"30159",-97.0527329301836,18.5307770505782
"30160",-97.7085146578066,20.9698197395861
"30161",-98.3832410050245,21.5691728300714
"30162",-96.8393157432874,19.260314781856
"30163",-96.9375290959474,19.8132168024274
"30164",-96.9427511564325,19.3741049171722
"30165",-96.8522991904926,19.0459351969256
"30166",-96.7729073644507,19.6717086173655
"30167",-97.8625995685229,21.1481993039007
"30168",-97.0440298200094,18.737317646127
"30169",-95.7012922322031,18.115399460477
"30170",-98.3099474712849,20.6245041600693
"30171",-97.0346153442731,18.6200055361626
"30172",-94.7983192635476,17.783905121393
"30173",-96.7750767660535,18.5780304888728
"30174",-96.2865679016646,18.5497411845995
"30175",-97.5286716414069,20.6598521209769
"30176",-95.9495576756009,18.1956973995867
"30177",-97.0012547452087,19.7037499265247
"30178",-95.6217983739166,18.5324835882241
"30179",-96.776459956661,19.1832585196696
"30180",-98.185949557982,20.6125109682969
"30181",-96.170058660876,18.7547711246902
"30182",-96.9825367914148,19.5402997724336
"30183",-97.1749027974012,20.0226196521762
"30184",-97.10409687026,18.6090256022126
"30185",-97.0760180351547,18.7949275964135
"30186",-96.9934389094394,19.0198238138561
"30187",-96.9189460014204,19.7209352185979
"30188",-96.8951239382269,19.2260544179758
"30189",-97.4101455884942,20.9339567712475
"30190",-95.8832798033392,18.1898135288435
"30191",-96.3881176992703,19.4379120107393
"30192",-96.6354123959877,19.9783309039583
"30193",-96.2207396548084,19.1858053937909
"30194",-97.2015733786254,19.6509718715998
"30195",-97.1620239185776,18.6300384935692
"30196",-96.8011758684135,18.8257624565136
"30197",-96.771041549507,19.8493726002732
"30198",-98.3436981678881,20.4960338017272
"30199",-94.6385242660269,17.9509231869618
"30200",-96.7339880061761,19.067487643719
"30201",-96.9255399502071,18.6491908659899
"30202",-98.303336484759,20.7341736927876
"30203",-97.5573825525547,20.1340281958647
"30204",-94.1600591364123,18.0846086175164
"30205",-98.4174934190296,21.7486536379635
"30206",-94.3921813910497,18.0631112614354
"30207",-96.1692858952077,18.3014560893586
"30208",-95.7166000244864,18.3267439262761
"30209",-94.787598981061,18.368245181734
"30210",-94.3618368573308,17.2810518755417
"30211",-96.9169075056125,20.2174060998152
"30212",-95.6641016374665,17.625655773776
"31001",-89.6492742022683,20.6558008124915
"31002",-89.4484156600494,20.8223222823038
"31003",-89.3472995172559,20.2613673142722
"31004",-89.3990931941803,21.1315340913973
"31005",-89.1756643867438,20.9996492469584
"31006",-88.6493928087391,21.2211994490775
"31007",-89.2480073428834,20.977856782517
"31008",-88.1250486485115,21.0152666018029
"31009",-89.0708870602559,21.1680663672423
"31010",-89.0511119994774,20.4246663744182
"31011",-90.2797670290496,20.8891799306436
"31012",-88.5810557028109,21.0300121385485
"31013",-89.5147153951438,21.0824592493462
"31014",-88.3473690254776,20.620894981426
"31015",-89.3432517327828,20.7215260875604
"31016",-89.0200581256698,20.1914685511098
"31017",-88.5681140409763,20.4982239789991
"31018",-89.4853616306045,20.4989127848988
"31019",-87.8242999553225,20.7617183572114
"31020",-89.5276671668129,21.1499764025032
"31021",-88.1816461071106,20.4374913441969
"31022",-88.5260048960209,20.2743073839587
"31023",-89.849737260293,20.7289068751003
"31024",-89.2805889925304,20.4719601477009
"31025",-89.4459422590349,20.4017189417956
"31026",-89.3440425365542,21.2582133368589
"31027",-89.0240937654774,21.2923150854883
"31028",-88.666528422475,21.4349956104573
"31029",-88.7338981303555,21.3313900457333
"31030",-88.5358709148222,20.8380896379035
"31031",-88.8426391719362,21.081202510115
"31032",-88.3556406316931,21.0201649623246
"31033",-90.2169826716077,20.5654139530576
"31034",-89.241226423606,20.8060757897891
"31035",-89.1570326836206,20.8752929297533
"31036",-89.251366223922,20.6815990503646
"31037",-89.1321012617148,20.6955348072226
"31038",-89.983287093288,21.0731400440157
"31039",-89.4742904836801,21.240051531834
"31040",-88.9875404297532,20.9159558256456
"31041",-89.5384542753595,20.9192325238016
"31042",-88.9843930727991,20.7628954101169
"31043",-88.4338284014202,20.6020252178414
"31044",-90.0526438158183,20.8519568699907
"31045",-89.8975753776078,20.6409635817347
"31046",-89.3819485155263,20.5006566934661
"31047",-89.3703148539697,20.3827108642151
"31048",-90.0694246567045,20.6228457042725
"31049",-89.1868013151336,20.4911526027429
"31050",-89.6407883989691,20.9853520830775
"31051",-89.4561536282657,21.1353140136908
"31052",-89.276009226694,21.1400454508958
"31053",-89.737285692767,20.4543334359063
"31054",-89.322533724595,21.0485306912401
"31055",-89.8475007331663,20.5494160378525
"31056",-89.523070520363,20.1474978891689
"31057",-88.3115247143878,21.3558353665382
"31058",-88.8275668126489,20.0775155717768
"31059",-89.6733617880283,21.2293552492813
"31060",-88.635307315333,20.8437511931595
"31061",-88.0853957704707,21.5482785943936
"31062",-89.6183629408578,20.5305732349405
"31063",-89.9169181083832,20.8419200651241
"31064",-89.2087257271425,20.7654609979275
"31065",-88.3126933355652,21.494168516393
"31066",-89.727571971924,20.269367396983
"31067",-89.3713932200192,20.8385827848845
"31068",-89.1992540563718,21.2691758191808
"31069",-88.988065263039,20.607134116986
"31070",-88.3722528110095,21.2097934290362
"31071",-88.8845309798042,20.803774497092
"31072",-89.1504910448571,21.1067034007875
"31073",-88.9033944245288,20.2483756247849
"31074",-89.2850049788213,20.8921289714828
"31075",-89.2214766908055,20.3775396198717
"31076",-89.4545165699193,20.6603352531207
"31077",-88.845138079872,21.0182842834993
"31078",-89.1005870795207,21.0067740280673
"31079",-89.3007215190743,19.9316937797753
"31080",-89.2727111657092,20.5699957734912
"31081",-88.3938061880994,20.4941237012701
"31082",-89.2555912505633,21.2142072043049
"31083",-89.2765561163664,21.3124005092866
"31084",-88.872716882609,21.1654418032628
"31085",-88.0613098223323,20.8990784086806
"31086",-89.0027845217969,21.0685109476291
"31087",-90.0567407735198,20.9569846801466
"31088",-89.0668444039493,21.0655629987456
"31089",-89.5622960044635,20.360089689972
"31090",-89.5364498475703,20.7675522668354
"31091",-88.5082319262773,20.7290442331739
"31092",-88.3237107890887,20.3906747431021
"31093",-89.3744805182825,20.978511170893
"31094",-89.0877768684394,20.2452746772121
"31095",-89.4666351749747,20.9628332950772
"31096",-87.8493158141725,21.2575192542885
"31097",-88.7467140901847,20.8853779467407
"31098",-89.0461540443632,19.9388592112806
"31099",-88.361773106974,20.7795138210543
"31100",-89.7770385857736,21.0552710792658
"31101",-89.7660321161419,20.8530508174843
"31102",-88.1083049020231,20.6373166197683
"31103",-89.1230099397828,20.8057694906798
"31104",-88.768977920071,20.480683125069
"31105",-89.4474540160806,21.0563492697562
"31106",-89.1209689093772,21.2894667618249
"32001",-103.073735198214,21.472425806482
"32002",-102.691843222832,21.465777454153
"32003",-103.44753467024,21.7857278627869
"32004",-103.580157305718,21.4955715473178
"32005",-102.748178789173,22.9559318372481
"32006",-102.731180357817,23.5783560652648
"32007",-101.241632233066,24.4531637462576
"32008",-102.389217017167,22.4496408160185
"32009",-103.910299267399,23.4176060117804
"32010",-102.99612513321,23.2366432923102
"32011",-103.503752291472,21.2165737440068
"32012",-102.558663604613,22.4776826210374
"32013",-102.788003658386,23.014952658207
"32014",-102.81125847814,24.1372561326824
"32015",-103.050702029962,21.9988199037101
"32016",-102.119602096976,22.6904277060967
"32017",-102.408071917983,22.7797413194647
"32018",-102.927975059687,21.7729192151538
"32019",-102.998221519117,21.6233597351869
"32020",-102.992393946673,22.7254255650772
"32021",-103.952584687494,23.175778816354
"32022",-103.303374264325,24.2938521545003
"32023",-103.124678801126,21.3765256565714
"32024",-101.958185390061,22.2845944699988
"32025",-102.225048855057,22.4338112877677
"32026",-101.921865014581,24.35132233297
"32027",-102.000568746014,24.9156928630815
"32028",-103.33429149479,21.1942186448847
"32029",-103.487695390923,24.117363486165
"32030",-103.247717887514,21.9386389098278
"32031",-103.461253198458,22.3751010264328
"32032",-102.671057047467,22.8527963161699
"32033",-103.164547757773,21.1983847792999
"32034",-102.860476476832,21.4165365969606
"32035",-101.915981177452,22.3964495387055
"32036",-102.216065154894,22.5689080785674
"32037",-102.47602459731,22.9914292267633
"32038",-101.529795903758,22.2689929843986
"32039",-103.031219929802,23.7829503162131
"32040",-103.239577818985,23.5635274690959
"32041",-100.905065570089,24.4497386221892
"32042",-103.614089998105,23.6401426007684
"32043",-103.192260351669,22.6324894797857
"32044",-102.932879882209,21.9337757559374
"32045",-103.357180234261,21.6249845807457
"32046",-103.136011219203,22.4447316484557
"32047",-103.452145937873,21.3632143108279
"32048",-103.227403205707,21.785023077841
"32049",-103.752858407508,22.7786319941381
"32050",-102.481603392353,22.8479538953521
"32051",-102.176355968307,23.6047795102365
"32052",-101.891364044364,22.1299930686215
"32053",-101.953226893728,22.5517369917425
"32054",-101.715051213635,22.4074595478043
"32055",-102.851496808701,22.2983979525416
"32056",-102.678542440949,22.7355392575568
"32057",-102.310183907428,22.7554818437467
"32058",-103.343097221972,21.5223302190535
